
  File "D:\Persistent System\venv\Lib\site-packages\langchain_core\language_models\chat_models.py", line 476, in invoke
    self.generate_prompt(
  File "D:\Persistent System\venv\Lib\site-packages\langchain_core\language_models\chat_models.py", line 1849, in generate_prompt
    return self.generate(prompt_messages, stop=stop, callbacks=callbacks, **kwargs)
           ^^^^^^^^^^^^^^^^^^^^^^^^^^^^^^^^^^^^^^^^^^^^^^^^^^^^^^^^^^^^^^^^^^^^^^^^
  File "D:\Persistent System\venv\Lib\site-packages\langchain_core\language_models\chat_models.py", line 1656, in generate
    self._generate_with_cache(
  File "D:\Persistent System\venv\Lib\site-packages\langchain_core\language_models\chat_models.py", line 1994, in _generate_with_cache
    result = self._generate(
             ^^^^^^^^^^^^^^^
  File "D:\Persistent System\venv\Lib\site-packages\langchain_groq\chat_models.py", line 627, in _generate
    response = self.client.create(messages=message_dicts, **params)
               ^^^^^^^^^^^^^^^^^^^^^^^^^^^^^^^^^^^^^^^^^^^^^^^^^^^^
  File "D:\Persistent System\venv\Lib\site-packages\groq\resources\chat\completions.py", line 461, in create
    return self._post(
           ^^^^^^^^^^^
  File "D:\Persistent System\venv\Lib\site-packages\groq\_base_client.py", line 1242, in post
    return cast(ResponseT, self.request(cast_to, opts, stream=stream, stream_cls=stream_cls))
                           ^^^^^^^^^^^^^^^^^^^^^^^^^^^^^^^^^^^^^^^^^^^^^^^^^^^^^^^^^^^^^^^^^
  File "D:\Persistent System\venv\Lib\site-packages\groq\_base_client.py", line 1044, in request
    raise self._make_status_error_from_response(err.response) from None
groq.AuthenticationError: Error code: 401 - {'error': {'message': 'Invalid API Key', 'type': 'invalid_request_error', 'code': 'invalid_api_key'}}
During task with name 'supervisor' and id '6afda3ef-b46f-6fde-76bf-937bfc8de306'
2026-07-06 20:43:57,810 | ERROR | Agentic resolve_issue failed: Error code: 401 - {'error': {'message': 'Invalid API Key', 'type': 'invalid_request_error', 'code': 'invalid_api_key'}}
Traceback (most recent call last):
  File "D:\Persistent System\inference.py", line 85, in resolve_issue
    result = await asyncio.to_thread(
             ^^^^^^^^^^^^^^^^^^^^^^^^
  File "C:\Users\swast\AppData\Local\Programs\Python\Python311\Lib\asyncio\threads.py", line 25, in to_thread
    return await loop.run_in_executor(None, func_call)
           ^^^^^^^^^^^^^^^^^^^^^^^^^^^^^^^^^^^^^^^^^^^
  File "C:\Users\swast\AppData\Local\Programs\Python\Python311\Lib\concurrent\futures\thread.py", line 58, in run
    result = self.fn(*self.args, **self.kwargs)
             ^^^^^^^^^^^^^^^^^^^^^^^^^^^^^^^^^^
  File "D:\Persistent System\venv\Lib\site-packages\langgraph\pregel\main.py", line 3928, in invoke
    for chunk in self.stream(
  File "D:\Persistent System\venv\Lib\site-packages\langgraph\pregel\main.py", line 2982, in stream
    for _ in runner.tick(
  File "D:\Persistent System\venv\Lib\site-packages\langgraph\pregel\_runner.py", line 207, in tick
    run_with_retry(
  File "D:\Persistent System\venv\Lib\site-packages\langgraph\pregel\_retry.py", line 617, in run_with_retry
    return task.proc.invoke(task.input, config)
           ^^^^^^^^^^^^^^^^^^^^^^^^^^^^^^^^^^^^
  File "D:\Persistent System\venv\Lib\site-packages\langgraph\_internal\_runnable.py", line 684, in invoke
    input = context.run(step.invoke, input, config, **kwargs)
            ^^^^^^^^^^^^^^^^^^^^^^^^^^^^^^^^^^^^^^^^^^^^^^^^^
  File "D:\Persistent System\venv\Lib\site-packages\langgraph\_internal\_runnable.py", line 426, in invoke
    ret = self.func(*args, **kwargs)
          ^^^^^^^^^^^^^^^^^^^^^^^^^^
  File "D:\Persistent System\agent\graph.py", line 36, in supervisor_node
    response = llm_with_tools.invoke([HumanMessage(content=supervisor_prompt)] + messages)
               ^^^^^^^^^^^^^^^^^^^^^^^^^^^^^^^^^^^^^^^^^^^^^^^^^^^^^^^^^^^^^^^^^^^^^^^^^^^
  File "D:\Persistent System\venv\Lib\site-packages\langchain_core\runnables\base.py", line 6004, in invoke
    return self.bound.invoke(
           ^^^^^^^^^^^^^^^^^^
  File "D:\Persistent System\venv\Lib\site-packages\langchain_core\language_models\chat_models.py", line 476, in invoke
    self.generate_prompt(
  File "D:\Persistent System\venv\Lib\site-packages\langchain_core\language_models\chat_models.py", line 1849, in generate_prompt
    return self.generate(prompt_messages, stop=stop, callbacks=callbacks, **kwargs)
           ^^^^^^^^^^^^^^^^^^^^^^^^^^^^^^^^^^^^^^^^^^^^^^^^^^^^^^^^^^^^^^^^^^^^^^^^
  File "D:\Persistent System\venv\Lib\site-packages\langchain_core\language_models\chat_models.py", line 1656, in generate
    self._generate_with_cache(
  File "D:\Persistent System\venv\Lib\site-packages\langchain_core\language_models\chat_models.py", line 1994, in _generate_with_cache
    result = self._generate(
             ^^^^^^^^^^^^^^^
  File "D:\Persistent System\venv\Lib\site-packages\langchain_groq\chat_models.py", line 627, in _generate
    response = self.client.create(messages=message_dicts, **params)
               ^^^^^^^^^^^^^^^^^^^^^^^^^^^^^^^^^^^^^^^^^^^^^^^^^^^^
  File "D:\Persistent System\venv\Lib\site-packages\groq\resources\chat\completions.py", line 461, in create
    return self._post(
           ^^^^^^^^^^^
  File "D:\Persistent System\venv\Lib\site-packages\groq\_base_client.py", line 1242, in post
    return cast(ResponseT, self.request(cast_to, opts, stream=stream, stream_cls=stream_cls))
                           ^^^^^^^^^^^^^^^^^^^^^^^^^^^^^^^^^^^^^^^^^^^^^^^^^^^^^^^^^^^^^^^^^
  File "D:\Persistent System\venv\Lib\site-packages\groq\_base_client.py", line 1044, in request
    raise self._make_status_error_from_response(err.response) from None
groq.AuthenticationError: Error code: 401 - {'error': {'message': 'Invalid API Key', 'type': 'invalid_request_error', 'code': 'invalid_api_key'}}
During task with name 'supervisor' and id 'ebed2553-631b-f43a-520a-2d374da8bc57'
2026-07-06 20:43:59,169 | ERROR | Agentic resolve_issue failed: Error code: 401 - {'error': {'message': 'Invalid API Key', 'type': 'invalid_request_error', 'code': 'invalid_api_key'}}
Traceback (most recent call last):
  File "D:\Persistent System\inference.py", line 85, in resolve_issue
    result = await asyncio.to_thread(
             ^^^^^^^^^^^^^^^^^^^^^^^^
  File "C:\Users\swast\AppData\Local\Programs\Python\Python311\Lib\asyncio\threads.py", line 25, in to_thread
    return await loop.run_in_executor(None, func_call)
           ^^^^^^^^^^^^^^^^^^^^^^^^^^^^^^^^^^^^^^^^^^^
  File "C:\Users\swast\AppData\Local\Programs\Python\Python311\Lib\concurrent\futures\thread.py", line 58, in run
    result = self.fn(*self.args, **self.kwargs)
             ^^^^^^^^^^^^^^^^^^^^^^^^^^^^^^^^^^
  File "D:\Persistent System\venv\Lib\site-packages\langgraph\pregel\main.py", line 3928, in invoke
    for chunk in self.stream(
  File "D:\Persistent System\venv\Lib\site-packages\langgraph\pregel\main.py", line 2982, in stream
    for _ in runner.tick(
  File "D:\Persistent System\venv\Lib\site-packages\langgraph\pregel\_runner.py", line 207, in tick
    run_with_retry(
  File "D:\Persistent System\venv\Lib\site-packages\langgraph\pregel\_retry.py", line 617, in run_with_retry
    return task.proc.invoke(task.input, config)
           ^^^^^^^^^^^^^^^^^^^^^^^^^^^^^^^^^^^^
  File "D:\Persistent System\venv\Lib\site-packages\langgraph\_internal\_runnable.py", line 684, in invoke
    input = context.run(step.invoke, input, config, **kwargs)
            ^^^^^^^^^^^^^^^^^^^^^^^^^^^^^^^^^^^^^^^^^^^^^^^^^
  File "D:\Persistent System\venv\Lib\site-packages\langgraph\_internal\_runnable.py", line 426, in invoke
    ret = self.func(*args, **kwargs)
          ^^^^^^^^^^^^^^^^^^^^^^^^^^
  File "D:\Persistent System\agent\graph.py", line 36, in supervisor_node
    response = llm_with_tools.invoke([HumanMessage(content=supervisor_prompt)] + messages)
               ^^^^^^^^^^^^^^^^^^^^^^^^^^^^^^^^^^^^^^^^^^^^^^^^^^^^^^^^^^^^^^^^^^^^^^^^^^^
  File "D:\Persistent System\venv\Lib\site-packages\langchain_core\runnables\base.py", line 6004, in invoke
    return self.bound.invoke(
           ^^^^^^^^^^^^^^^^^^
  File "D:\Persistent System\venv\Lib\site-packages\langchain_core\language_models\chat_models.py", line 476, in invoke
    self.generate_prompt(
  File "D:\Persistent System\venv\Lib\site-packages\langchain_core\language_models\chat_models.py", line 1849, in generate_prompt
    return self.generate(prompt_messages, stop=stop, callbacks=callbacks, **kwargs)
           ^^^^^^^^^^^^^^^^^^^^^^^^^^^^^^^^^^^^^^^^^^^^^^^^^^^^^^^^^^^^^^^^^^^^^^^^
  File "D:\Persistent System\venv\Lib\site-packages\langchain_core\language_models\chat_models.py", line 1656, in generate
    self._generate_with_cache(
  File "D:\Persistent System\venv\Lib\site-packages\langchain_core\language_models\chat_models.py", line 1994, in _generate_with_cache
    result = self._generate(
             ^^^^^^^^^^^^^^^
  File "D:\Persistent System\venv\Lib\site-packages\langchain_groq\chat_models.py", line 627, in _generate
    response = self.client.create(messages=message_dicts, **params)
               ^^^^^^^^^^^^^^^^^^^^^^^^^^^^^^^^^^^^^^^^^^^^^^^^^^^^
  File "D:\Persistent System\venv\Lib\site-packages\groq\resources\chat\completions.py", line 461, in create
    return self._post(
           ^^^^^^^^^^^
  File "D:\Persistent System\venv\Lib\site-packages\groq\_base_client.py", line 1242, in post
    return cast(ResponseT, self.request(cast_to, opts, stream=stream, stream_cls=stream_cls))
                           ^^^^^^^^^^^^^^^^^^^^^^^^^^^^^^^^^^^^^^^^^^^^^^^^^^^^^^^^^^^^^^^^^
  File "D:\Persistent System\venv\Lib\site-packages\groq\_base_client.py", line 1044, in request
    raise self._make_status_error_from_response(err.response) from None
groq.AuthenticationError: Error code: 401 - {'error': {'message': 'Invalid API Key', 'type': 'invalid_request_error', 'code': 'invalid_api_key'}}
During task with name 'supervisor' and id 'd3343e54-6f27-7123-105d-c9cd51ca616d'
2026-07-06 20:43:59,976 | ERROR | Agentic resolve_issue failed: Error code: 401 - {'error': {'message': 'Invalid API Key', 'type': 'invalid_request_error', 'code': 'invalid_api_key'}}
Traceback (most recent call last):
  File "D:\Persistent System\inference.py", line 85, in resolve_issue
    result = await asyncio.to_thread(
             ^^^^^^^^^^^^^^^^^^^^^^^^
  File "C:\Users\swast\AppData\Local\Programs\Python\Python311\Lib\asyncio\threads.py", line 25, in to_thread
    return await loop.run_in_executor(None, func_call)
           ^^^^^^^^^^^^^^^^^^^^^^^^^^^^^^^^^^^^^^^^^^^
  File "C:\Users\swast\AppData\Local\Programs\Python\Python311\Lib\concurrent\futures\thread.py", line 58, in run
    result = self.fn(*self.args, **self.kwargs)
             ^^^^^^^^^^^^^^^^^^^^^^^^^^^^^^^^^^
  File "D:\Persistent System\venv\Lib\site-packages\langgraph\pregel\main.py", line 3928, in invoke
    for chunk in self.stream(
  File "D:\Persistent System\venv\Lib\site-packages\langgraph\pregel\main.py", line 2982, in stream
    for _ in runner.tick(
  File "D:\Persistent System\venv\Lib\site-packages\langgraph\pregel\_runner.py", line 207, in tick
    run_with_retry(
  File "D:\Persistent System\venv\Lib\site-packages\langgraph\pregel\_retry.py", line 617, in run_with_retry
    return task.proc.invoke(task.input, config)
           ^^^^^^^^^^^^^^^^^^^^^^^^^^^^^^^^^^^^
  File "D:\Persistent System\venv\Lib\site-packages\langgraph\_internal\_runnable.py", line 684, in invoke
    input = context.run(step.invoke, input, config, **kwargs)
            ^^^^^^^^^^^^^^^^^^^^^^^^^^^^^^^^^^^^^^^^^^^^^^^^^
  File "D:\Persistent System\venv\Lib\site-packages\langgraph\_internal\_runnable.py", line 426, in invoke
    ret = self.func(*args, **kwargs)
          ^^^^^^^^^^^^^^^^^^^^^^^^^^
  File "D:\Persistent System\agent\graph.py", line 36, in supervisor_node
    response = llm_with_tools.invoke([HumanMessage(content=supervisor_prompt)] + messages)
               ^^^^^^^^^^^^^^^^^^^^^^^^^^^^^^^^^^^^^^^^^^^^^^^^^^^^^^^^^^^^^^^^^^^^^^^^^^^
  File "D:\Persistent System\venv\Lib\site-packages\langchain_core\runnables\base.py", line 6004, in invoke
    return self.bound.invoke(
           ^^^^^^^^^^^^^^^^^^
  File "D:\Persistent System\venv\Lib\site-packages\langchain_core\language_models\chat_models.py", line 476, in invoke
    self.generate_prompt(
  File "D:\Persistent System\venv\Lib\site-packages\langchain_core\language_models\chat_models.py", line 1849, in generate_prompt
    return self.generate(prompt_messages, stop=stop, callbacks=callbacks, **kwargs)
           ^^^^^^^^^^^^^^^^^^^^^^^^^^^^^^^^^^^^^^^^^^^^^^^^^^^^^^^^^^^^^^^^^^^^^^^^
  File "D:\Persistent System\venv\Lib\site-packages\langchain_core\language_models\chat_models.py", line 1656, in generate
    self._generate_with_cache(
  File "D:\Persistent System\venv\Lib\site-packages\langchain_core\language_models\chat_models.py", line 1994, in _generate_with_cache
    result = self._generate(
             ^^^^^^^^^^^^^^^
  File "D:\Persistent System\venv\Lib\site-packages\langchain_groq\chat_models.py", line 627, in _generate
    response = self.client.create(messages=message_dicts, **params)
               ^^^^^^^^^^^^^^^^^^^^^^^^^^^^^^^^^^^^^^^^^^^^^^^^^^^^
  File "D:\Persistent System\venv\Lib\site-packages\groq\resources\chat\completions.py", line 461, in create
    return self._post(
           ^^^^^^^^^^^
  File "D:\Persistent System\venv\Lib\site-packages\groq\_base_client.py", line 1242, in post
    return cast(ResponseT, self.request(cast_to, opts, stream=stream, stream_cls=stream_cls))
                           ^^^^^^^^^^^^^^^^^^^^^^^^^^^^^^^^^^^^^^^^^^^^^^^^^^^^^^^^^^^^^^^^^
  File "D:\Persistent System\venv\Lib\site-packages\groq\_base_client.py", line 1044, in request
    raise self._make_status_error_from_response(err.response) from None
groq.AuthenticationError: Error code: 401 - {'error': {'message': 'Invalid API Key', 'type': 'invalid_request_error', 'code': 'invalid_api_key'}}
During task with name 'supervisor' and id '05decf5e-8831-bbe2-08d7-03027623e4fd'
2026-07-06 20:49:33,694 | ERROR | Generation tool failed
Traceback (most recent call last):
  File "D:\Persistent System\agent\tools.py", line 47, in generate_resolution_tool
    response = structured_llm.invoke(prompt)
               ^^^^^^^^^^^^^^^^^^^^^^^^^^^^^
  File "D:\Persistent System\venv\Lib\site-packages\langchain_core\runnables\base.py", line 3442, in invoke
    input_ = context.run(step.invoke, input_, config, **kwargs)
             ^^^^^^^^^^^^^^^^^^^^^^^^^^^^^^^^^^^^^^^^^^^^^^^^^^
  File "D:\Persistent System\venv\Lib\site-packages\langchain_core\runnables\base.py", line 6004, in invoke
    return self.bound.invoke(
           ^^^^^^^^^^^^^^^^^^
  File "D:\Persistent System\venv\Lib\site-packages\langchain_core\language_models\chat_models.py", line 476, in invoke
    self.generate_prompt(
  File "D:\Persistent System\venv\Lib\site-packages\langchain_core\language_models\chat_models.py", line 1849, in generate_prompt
    return self.generate(prompt_messages, stop=stop, callbacks=callbacks, **kwargs)
           ^^^^^^^^^^^^^^^^^^^^^^^^^^^^^^^^^^^^^^^^^^^^^^^^^^^^^^^^^^^^^^^^^^^^^^^^
  File "D:\Persistent System\venv\Lib\site-packages\langchain_core\language_models\chat_models.py", line 1656, in generate
    self._generate_with_cache(
  File "D:\Persistent System\venv\Lib\site-packages\langchain_core\language_models\chat_models.py", line 1994, in _generate_with_cache
    result = self._generate(
             ^^^^^^^^^^^^^^^
  File "D:\Persistent System\venv\Lib\site-packages\langchain_groq\chat_models.py", line 627, in _generate
    response = self.client.create(messages=message_dicts, **params)
               ^^^^^^^^^^^^^^^^^^^^^^^^^^^^^^^^^^^^^^^^^^^^^^^^^^^^
  File "D:\Persistent System\venv\Lib\site-packages\groq\resources\chat\completions.py", line 461, in create
    return self._post(
           ^^^^^^^^^^^
  File "D:\Persistent System\venv\Lib\site-packages\groq\_base_client.py", line 1242, in post
    return cast(ResponseT, self.request(cast_to, opts, stream=stream, stream_cls=stream_cls))
                           ^^^^^^^^^^^^^^^^^^^^^^^^^^^^^^^^^^^^^^^^^^^^^^^^^^^^^^^^^^^^^^^^^
  File "D:\Persistent System\venv\Lib\site-packages\groq\_base_client.py", line 1044, in request
    raise self._make_status_error_from_response(err.response) from None
groq.RateLimitError: Error code: 429 - {'error': {'message': 'Rate limit reached for model `llama-3.3-70b-versatile` in organization `org_01kk6xp2f3ewha80cg57n3mfky` service tier `on_demand` on tokens per minute (TPM): Limit 12000, Used 9990, Requested 2034. Please try again in 120ms. Need more tokens? Upgrade to Dev Tier today at https://console.groq.com/settings/billing', 'type': 'tokens', 'code': 'rate_limit_exceeded'}}
2026-07-06 20:50:14,123 | ERROR | Generation tool failed
Traceback (most recent call last):
  File "D:\Persistent System\agent\tools.py", line 47, in generate_resolution_tool
    response = structured_llm.invoke(prompt)
               ^^^^^^^^^^^^^^^^^^^^^^^^^^^^^
  File "D:\Persistent System\venv\Lib\site-packages\langchain_core\runnables\base.py", line 3442, in invoke
    input_ = context.run(step.invoke, input_, config, **kwargs)
             ^^^^^^^^^^^^^^^^^^^^^^^^^^^^^^^^^^^^^^^^^^^^^^^^^^
  File "D:\Persistent System\venv\Lib\site-packages\langchain_core\runnables\base.py", line 6004, in invoke
    return self.bound.invoke(
           ^^^^^^^^^^^^^^^^^^
  File "D:\Persistent System\venv\Lib\site-packages\langchain_core\language_models\chat_models.py", line 476, in invoke
    self.generate_prompt(
  File "D:\Persistent System\venv\Lib\site-packages\langchain_core\language_models\chat_models.py", line 1849, in generate_prompt
    return self.generate(prompt_messages, stop=stop, callbacks=callbacks, **kwargs)
           ^^^^^^^^^^^^^^^^^^^^^^^^^^^^^^^^^^^^^^^^^^^^^^^^^^^^^^^^^^^^^^^^^^^^^^^^
  File "D:\Persistent System\venv\Lib\site-packages\langchain_core\language_models\chat_models.py", line 1656, in generate
    self._generate_with_cache(
  File "D:\Persistent System\venv\Lib\site-packages\langchain_core\language_models\chat_models.py", line 1994, in _generate_with_cache
    result = self._generate(
             ^^^^^^^^^^^^^^^
  File "D:\Persistent System\venv\Lib\site-packages\langchain_groq\chat_models.py", line 627, in _generate
    response = self.client.create(messages=message_dicts, **params)
               ^^^^^^^^^^^^^^^^^^^^^^^^^^^^^^^^^^^^^^^^^^^^^^^^^^^^
  File "D:\Persistent System\venv\Lib\site-packages\groq\resources\chat\completions.py", line 461, in create
    return self._post(
           ^^^^^^^^^^^
  File "D:\Persistent System\venv\Lib\site-packages\groq\_base_client.py", line 1242, in post
    return cast(ResponseT, self.request(cast_to, opts, stream=stream, stream_cls=stream_cls))
                           ^^^^^^^^^^^^^^^^^^^^^^^^^^^^^^^^^^^^^^^^^^^^^^^^^^^^^^^^^^^^^^^^^
  File "D:\Persistent System\venv\Lib\site-packages\groq\_base_client.py", line 1044, in request
    raise self._make_status_error_from_response(err.response) from None
groq.RateLimitError: Error code: 429 - {'error': {'message': 'Rate limit reached for model `llama-3.3-70b-versatile` in organization `org_01kk6xp2f3ewha80cg57n3mfky` service tier `on_demand` on tokens per minute (TPM): Limit 12000, Used 10462, Requested 2034. Please try again in 2.48s. Need more tokens? Upgrade to Dev Tier today at https://console.groq.com/settings/billing', 'type': 'tokens', 'code': 'rate_limit_exceeded'}}
2026-07-06 20:50:14,125 | ERROR | Agentic resolve_issue failed: Recursion limit of 12 reached without hitting a stop condition. You can increase the limit by setting the `recursion_limit` config key.
For troubleshooting, visit: https://docs.langchain.com/oss/python/langgraph/errors/GRAPH_RECURSION_LIMIT
Traceback (most recent call last):
  File "D:\Persistent System\inference.py", line 85, in resolve_issue
    result = await asyncio.to_thread(
             ^^^^^^^^^^^^^^^^^^^^^^^^
  File "C:\Users\swast\AppData\Local\Programs\Python\Python311\Lib\asyncio\threads.py", line 25, in to_thread
    return await loop.run_in_executor(None, func_call)
           ^^^^^^^^^^^^^^^^^^^^^^^^^^^^^^^^^^^^^^^^^^^
  File "C:\Users\swast\AppData\Local\Programs\Python\Python311\Lib\concurrent\futures\thread.py", line 58, in run
    result = self.fn(*self.args, **self.kwargs)
             ^^^^^^^^^^^^^^^^^^^^^^^^^^^^^^^^^^
  File "D:\Persistent System\venv\Lib\site-packages\langgraph\pregel\main.py", line 3928, in invoke
    for chunk in self.stream(
  File "D:\Persistent System\venv\Lib\site-packages\langgraph\pregel\main.py", line 3026, in stream
    raise GraphRecursionError(msg)
langgraph.errors.GraphRecursionError: Recursion limit of 12 reached without hitting a stop condition. You can increase the limit by setting the `recursion_limit` config key.
For troubleshooting, visit: https://docs.langchain.com/oss/python/langgraph/errors/GRAPH_RECURSION_LIMIT
2026-07-06 21:03:18,326 | ERROR | Generation tool failed
Traceback (most recent call last):
  File "D:\Persistent System\agent\tools.py", line 83, in generate_resolution_tool
    response = _invoke_with_retry(structured_llm, prompt, "Generation tool")
               ^^^^^^^^^^^^^^^^^^^^^^^^^^^^^^^^^^^^^^^^^^^^^^^^^^^^^^^^^^^^^
  File "D:\Persistent System\agent\tools.py", line 24, in _invoke_with_retry
    return model.invoke(prompt)
           ^^^^^^^^^^^^^^^^^^^^
  File "D:\Persistent System\venv\Lib\site-packages\langchain_core\runnables\base.py", line 3442, in invoke
    input_ = context.run(step.invoke, input_, config, **kwargs)
             ^^^^^^^^^^^^^^^^^^^^^^^^^^^^^^^^^^^^^^^^^^^^^^^^^^
  File "D:\Persistent System\venv\Lib\site-packages\langchain_core\runnables\base.py", line 6004, in invoke
    return self.bound.invoke(
           ^^^^^^^^^^^^^^^^^^
  File "D:\Persistent System\venv\Lib\site-packages\langchain_core\language_models\chat_models.py", line 476, in invoke
    self.generate_prompt(
  File "D:\Persistent System\venv\Lib\site-packages\langchain_core\language_models\chat_models.py", line 1849, in generate_prompt
    return self.generate(prompt_messages, stop=stop, callbacks=callbacks, **kwargs)
           ^^^^^^^^^^^^^^^^^^^^^^^^^^^^^^^^^^^^^^^^^^^^^^^^^^^^^^^^^^^^^^^^^^^^^^^^
  File "D:\Persistent System\venv\Lib\site-packages\langchain_core\language_models\chat_models.py", line 1656, in generate
    self._generate_with_cache(
  File "D:\Persistent System\venv\Lib\site-packages\langchain_core\language_models\chat_models.py", line 1994, in _generate_with_cache
    result = self._generate(
             ^^^^^^^^^^^^^^^
  File "D:\Persistent System\venv\Lib\site-packages\langchain_groq\chat_models.py", line 627, in _generate
    response = self.client.create(messages=message_dicts, **params)
               ^^^^^^^^^^^^^^^^^^^^^^^^^^^^^^^^^^^^^^^^^^^^^^^^^^^^
  File "D:\Persistent System\venv\Lib\site-packages\groq\resources\chat\completions.py", line 461, in create
    return self._post(
           ^^^^^^^^^^^
  File "D:\Persistent System\venv\Lib\site-packages\groq\_base_client.py", line 1242, in post
    return cast(ResponseT, self.request(cast_to, opts, stream=stream, stream_cls=stream_cls))
                           ^^^^^^^^^^^^^^^^^^^^^^^^^^^^^^^^^^^^^^^^^^^^^^^^^^^^^^^^^^^^^^^^^
  File "D:\Persistent System\venv\Lib\site-packages\groq\_base_client.py", line 1044, in request
    raise self._make_status_error_from_response(err.response) from None
groq.AuthenticationError: Error code: 401 - {'error': {'message': 'Invalid API Key', 'type': 'invalid_request_error', 'code': 'invalid_api_key'}}
2026-07-08 01:20:13,430 | ERROR | Agentic resolve_issue failed: Recursion limit of 6 reached without hitting a stop condition. You can increase the limit by setting the `recursion_limit` config key.
For troubleshooting, visit: https://docs.langchain.com/oss/python/langgraph/errors/GRAPH_RECURSION_LIMIT
Traceback (most recent call last):
  File "D:\Persistent System\inference.py", line 88, in resolve_issue
    result = await asyncio.to_thread(
             ^^^^^^^^^^^^^^^^^^^^^^^^
  File "C:\Users\swast\AppData\Local\Programs\Python\Python311\Lib\asyncio\threads.py", line 25, in to_thread
    return await loop.run_in_executor(None, func_call)
           ^^^^^^^^^^^^^^^^^^^^^^^^^^^^^^^^^^^^^^^^^^^
  File "C:\Users\swast\AppData\Local\Programs\Python\Python311\Lib\concurrent\futures\thread.py", line 58, in run
    result = self.fn(*self.args, **self.kwargs)
             ^^^^^^^^^^^^^^^^^^^^^^^^^^^^^^^^^^
  File "D:\Persistent System\venv\Lib\site-packages\langgraph\pregel\main.py", line 3928, in invoke
    for chunk in self.stream(
  File "D:\Persistent System\venv\Lib\site-packages\langgraph\pregel\main.py", line 3026, in stream
    raise GraphRecursionError(msg)
langgraph.errors.GraphRecursionError: Recursion limit of 6 reached without hitting a stop condition. You can increase the limit by setting the `recursion_limit` config key.
For troubleshooting, visit: https://docs.langchain.com/oss/python/langgraph/errors/GRAPH_RECURSION_LIMIT
2026-07-08 01:20:27,828 | ERROR | Agentic resolve_issue failed: Recursion limit of 6 reached without hitting a stop condition. You can increase the limit by setting the `recursion_limit` config key.
For troubleshooting, visit: https://docs.langchain.com/oss/python/langgraph/errors/GRAPH_RECURSION_LIMIT
Traceback (most recent call last):
  File "D:\Persistent System\inference.py", line 88, in resolve_issue
    result = await asyncio.to_thread(
             ^^^^^^^^^^^^^^^^^^^^^^^^
  File "C:\Users\swast\AppData\Local\Programs\Python\Python311\Lib\asyncio\threads.py", line 25, in to_thread
    return await loop.run_in_executor(None, func_call)
           ^^^^^^^^^^^^^^^^^^^^^^^^^^^^^^^^^^^^^^^^^^^
  File "C:\Users\swast\AppData\Local\Programs\Python\Python311\Lib\concurrent\futures\thread.py", line 58, in run
    result = self.fn(*self.args, **self.kwargs)
             ^^^^^^^^^^^^^^^^^^^^^^^^^^^^^^^^^^
  File "D:\Persistent System\venv\Lib\site-packages\langgraph\pregel\main.py", line 3928, in invoke
    for chunk in self.stream(
  File "D:\Persistent System\venv\Lib\site-packages\langgraph\pregel\main.py", line 3026, in stream
    raise GraphRecursionError(msg)
langgraph.errors.GraphRecursionError: Recursion limit of 6 reached without hitting a stop condition. You can increase the limit by setting the `recursion_limit` config key.
For troubleshooting, visit: https://docs.langchain.com/oss/python/langgraph/errors/GRAPH_RECURSION_LIMIT
2026-07-08 01:25:05,448 | ERROR | Agent failed: Recursion limit of 15 reached without hitting a stop condition. You can increase the limit by setting the `recursion_limit` config key.
For troubleshooting, visit: https://docs.langchain.com/oss/python/langgraph/errors/GRAPH_RECURSION_LIMIT
Traceback (most recent call last):
  File "D:\Persistent System\inference.py", line 86, in resolve_issue
    result = await asyncio.to_thread(
             ^^^^^^^^^^^^^^^^^^^^^^^^
  File "C:\Users\swast\AppData\Local\Programs\Python\Python311\Lib\asyncio\threads.py", line 25, in to_thread
    return await loop.run_in_executor(None, func_call)
           ^^^^^^^^^^^^^^^^^^^^^^^^^^^^^^^^^^^^^^^^^^^
  File "C:\Users\swast\AppData\Local\Programs\Python\Python311\Lib\concurrent\futures\thread.py", line 58, in run
    result = self.fn(*self.args, **self.kwargs)
             ^^^^^^^^^^^^^^^^^^^^^^^^^^^^^^^^^^
  File "D:\Persistent System\venv\Lib\site-packages\langgraph\pregel\main.py", line 3928, in invoke
    for chunk in self.stream(
  File "D:\Persistent System\venv\Lib\site-packages\langgraph\pregel\main.py", line 3026, in stream
    raise GraphRecursionError(msg)
langgraph.errors.GraphRecursionError: Recursion limit of 15 reached without hitting a stop condition. You can increase the limit by setting the `recursion_limit` config key.
For troubleshooting, visit: https://docs.langchain.com/oss/python/langgraph/errors/GRAPH_RECURSION_LIMIT
2026-07-08 01:30:19,666 | ERROR | resolve_issue failed: Recursion limit of 12 reached without hitting a stop condition. You can increase the limit by setting the `recursion_limit` config key.
For troubleshooting, visit: https://docs.langchain.com/oss/python/langgraph/errors/GRAPH_RECURSION_LIMIT
Traceback (most recent call last):
  File "D:\Persistent System\inference.py", line 82, in resolve_issue
    result = await asyncio.to_thread(
             ^^^^^^^^^^^^^^^^^^^^^^^^
  File "C:\Users\swast\AppData\Local\Programs\Python\Python311\Lib\asyncio\threads.py", line 25, in to_thread
    return await loop.run_in_executor(None, func_call)
           ^^^^^^^^^^^^^^^^^^^^^^^^^^^^^^^^^^^^^^^^^^^
  File "C:\Users\swast\AppData\Local\Programs\Python\Python311\Lib\concurrent\futures\thread.py", line 58, in run
    result = self.fn(*self.args, **self.kwargs)
             ^^^^^^^^^^^^^^^^^^^^^^^^^^^^^^^^^^
  File "D:\Persistent System\venv\Lib\site-packages\langgraph\pregel\main.py", line 3928, in invoke
    for chunk in self.stream(
  File "D:\Persistent System\venv\Lib\site-packages\langgraph\pregel\main.py", line 3026, in stream
    raise GraphRecursionError(msg)
langgraph.errors.GraphRecursionError: Recursion limit of 12 reached without hitting a stop condition. You can increase the limit by setting the `recursion_limit` config key.
For troubleshooting, visit: https://docs.langchain.com/oss/python/langgraph/errors/GRAPH_RECURSION_LIMIT
2026-07-08 14:03:56,219 | ERROR | resolve_issue failed: Recursion limit of 12 reached without hitting a stop condition. You can increase the limit by setting the `recursion_limit` config key.
For troubleshooting, visit: https://docs.langchain.com/oss/python/langgraph/errors/GRAPH_RECURSION_LIMIT
Traceback (most recent call last):
  File "D:\Persistent System\inference.py", line 82, in resolve_issue
    result = await asyncio.to_thread(
             ^^^^^^^^^^^^^^^^^^^^^^^^
  File "C:\Users\swast\AppData\Local\Programs\Python\Python311\Lib\asyncio\threads.py", line 25, in to_thread
    return await loop.run_in_executor(None, func_call)
           ^^^^^^^^^^^^^^^^^^^^^^^^^^^^^^^^^^^^^^^^^^^
  File "C:\Users\swast\AppData\Local\Programs\Python\Python311\Lib\concurrent\futures\thread.py", line 58, in run
    result = self.fn(*self.args, **self.kwargs)
             ^^^^^^^^^^^^^^^^^^^^^^^^^^^^^^^^^^
  File "D:\Persistent System\venv\Lib\site-packages\langgraph\pregel\main.py", line 3928, in invoke
    for chunk in self.stream(
  File "D:\Persistent System\venv\Lib\site-packages\langgraph\pregel\main.py", line 3026, in stream
    raise GraphRecursionError(msg)
langgraph.errors.GraphRecursionError: Recursion limit of 12 reached without hitting a stop condition. You can increase the limit by setting the `recursion_limit` config key.
For troubleshooting, visit: https://docs.langchain.com/oss/python/langgraph/errors/GRAPH_RECURSION_LIMIT
2026-07-08 14:08:28,867 | ERROR | resolve_issue failed: Recursion limit of 12 reached without hitting a stop condition. You can increase the limit by setting the `recursion_limit` config key.
For troubleshooting, visit: https://docs.langchain.com/oss/python/langgraph/errors/GRAPH_RECURSION_LIMIT
Traceback (most recent call last):
  File "d:\Persistent System\inference.py", line 82, in resolve_issue
  File "C:\Users\swast\AppData\Local\Programs\Python\Python311\Lib\asyncio\threads.py", line 25, in to_thread
    return await loop.run_in_executor(None, func_call)
           ^^^^^^^^^^^^^^^^^^^^^^^^^^^^^^^^^^^^^^^^^^^
  File "C:\Users\swast\AppData\Local\Programs\Python\Python311\Lib\concurrent\futures\thread.py", line 58, in run
    result = self.fn(*self.args, **self.kwargs)
             ^^^^^^^^^^^^^^^^^^^^^^^^^^^^^^^^^^
  File "d:\Persistent System\venv\Lib\site-packages\langgraph\pregel\main.py", line 3928, in invoke
    for chunk in self.stream(
  File "d:\Persistent System\venv\Lib\site-packages\langgraph\pregel\main.py", line 3026, in stream
    raise GraphRecursionError(msg)
langgraph.errors.GraphRecursionError: Recursion limit of 12 reached without hitting a stop condition. You can increase the limit by setting the `recursion_limit` config key.
For troubleshooting, visit: https://docs.langchain.com/oss/python/langgraph/errors/GRAPH_RECURSION_LIMIT
2026-07-08 14:15:01,847 | ERROR | resolve_issue failed: cannot access local variable 'validation_result' where it is not associated with a value
Traceback (most recent call last):
  File "d:\Persistent System\inference.py", line 150, in resolve_issue
    validation_result,
    ^^^^^^^^^^^^^^^^^
UnboundLocalError: cannot access local variable 'validation_result' where it is not associated with a value
2026-07-08 14:16:09,893 | ERROR | GET request failed : /ticket/INC7442986
Traceback (most recent call last):
  File "D:\Persistent System\venv\Lib\site-packages\urllib3\connectionpool.py", line 534, in _make_request
    response = conn.getresponse()
               ^^^^^^^^^^^^^^^^^^
  File "D:\Persistent System\venv\Lib\site-packages\urllib3\connection.py", line 571, in getresponse
    httplib_response = super().getresponse()
                       ^^^^^^^^^^^^^^^^^^^^^
  File "C:\Users\swast\AppData\Local\Programs\Python\Python311\Lib\http\client.py", line 1374, in getresponse
    response.begin()
  File "C:\Users\swast\AppData\Local\Programs\Python\Python311\Lib\http\client.py", line 318, in begin
    version, status, reason = self._read_status()
                              ^^^^^^^^^^^^^^^^^^^
  File "C:\Users\swast\AppData\Local\Programs\Python\Python311\Lib\http\client.py", line 279, in _read_status
    line = str(self.fp.readline(_MAXLINE + 1), "iso-8859-1")
               ^^^^^^^^^^^^^^^^^^^^^^^^^^^^^^
  File "C:\Users\swast\AppData\Local\Programs\Python\Python311\Lib\socket.py", line 705, in readinto
    return self._sock.recv_into(b)
           ^^^^^^^^^^^^^^^^^^^^^^^
TimeoutError: timed out

The above exception was the direct cause of the following exception:

Traceback (most recent call last):
  File "D:\Persistent System\venv\Lib\site-packages\requests\adapters.py", line 696, in send
    resp = conn.urlopen(
           ^^^^^^^^^^^^^
  File "D:\Persistent System\venv\Lib\site-packages\urllib3\connectionpool.py", line 842, in urlopen
    retries = retries.increment(
              ^^^^^^^^^^^^^^^^^^
  File "D:\Persistent System\venv\Lib\site-packages\urllib3\util\retry.py", line 498, in increment
    raise reraise(type(error), error, _stacktrace)
          ^^^^^^^^^^^^^^^^^^^^^^^^^^^^^^^^^^^^^^^^
  File "D:\Persistent System\venv\Lib\site-packages\urllib3\util\util.py", line 39, in reraise
    raise value
  File "D:\Persistent System\venv\Lib\site-packages\urllib3\connectionpool.py", line 788, in urlopen
    response = self._make_request(
               ^^^^^^^^^^^^^^^^^^^
  File "D:\Persistent System\venv\Lib\site-packages\urllib3\connectionpool.py", line 536, in _make_request
    self._raise_timeout(err=e, url=url, timeout_value=read_timeout)
  File "D:\Persistent System\venv\Lib\site-packages\urllib3\connectionpool.py", line 367, in _raise_timeout
    raise ReadTimeoutError(
urllib3.exceptions.ReadTimeoutError: HTTPConnectionPool(host='127.0.0.1', port=8001): Read timed out. (read timeout=30)

During handling of the above exception, another exception occurred:

Traceback (most recent call last):
  File "D:\Persistent System\advocate_dashboard.py", line 40, in api_get
    response = requests.get(
               ^^^^^^^^^^^^^
  File "D:\Persistent System\venv\Lib\site-packages\requests\api.py", line 87, in get
    return request("get", url, params=params, **kwargs)
           ^^^^^^^^^^^^^^^^^^^^^^^^^^^^^^^^^^^^^^^^^^^^
  File "D:\Persistent System\venv\Lib\site-packages\requests\api.py", line 71, in request
    return session.request(method=method, url=url, **kwargs)
           ^^^^^^^^^^^^^^^^^^^^^^^^^^^^^^^^^^^^^^^^^^^^^^^^^
  File "D:\Persistent System\venv\Lib\site-packages\requests\sessions.py", line 651, in request
    resp = self.send(prep, **send_kwargs)
           ^^^^^^^^^^^^^^^^^^^^^^^^^^^^^^
  File "D:\Persistent System\venv\Lib\site-packages\requests\sessions.py", line 784, in send
    r = adapter.send(request, **kwargs)
        ^^^^^^^^^^^^^^^^^^^^^^^^^^^^^^^
  File "D:\Persistent System\venv\Lib\site-packages\requests\adapters.py", line 742, in send
    raise ReadTimeout(e, request=request)
requests.exceptions.ReadTimeout: HTTPConnectionPool(host='127.0.0.1', port=8001): Read timed out. (read timeout=30)
2026-07-08 14:16:10,128 | ERROR | Unable to load ticket : INC7442986
Traceback (most recent call last):
  File "D:\Persistent System\venv\Lib\site-packages\urllib3\connectionpool.py", line 534, in _make_request
    response = conn.getresponse()
               ^^^^^^^^^^^^^^^^^^
  File "D:\Persistent System\venv\Lib\site-packages\urllib3\connection.py", line 571, in getresponse
    httplib_response = super().getresponse()
                       ^^^^^^^^^^^^^^^^^^^^^
  File "C:\Users\swast\AppData\Local\Programs\Python\Python311\Lib\http\client.py", line 1374, in getresponse
    response.begin()
  File "C:\Users\swast\AppData\Local\Programs\Python\Python311\Lib\http\client.py", line 318, in begin
    version, status, reason = self._read_status()
                              ^^^^^^^^^^^^^^^^^^^
  File "C:\Users\swast\AppData\Local\Programs\Python\Python311\Lib\http\client.py", line 279, in _read_status
    line = str(self.fp.readline(_MAXLINE + 1), "iso-8859-1")
               ^^^^^^^^^^^^^^^^^^^^^^^^^^^^^^
  File "C:\Users\swast\AppData\Local\Programs\Python\Python311\Lib\socket.py", line 705, in readinto
    return self._sock.recv_into(b)
           ^^^^^^^^^^^^^^^^^^^^^^^
TimeoutError: timed out

The above exception was the direct cause of the following exception:

Traceback (most recent call last):
  File "D:\Persistent System\venv\Lib\site-packages\requests\adapters.py", line 696, in send
    resp = conn.urlopen(
           ^^^^^^^^^^^^^
  File "D:\Persistent System\venv\Lib\site-packages\urllib3\connectionpool.py", line 842, in urlopen
    retries = retries.increment(
              ^^^^^^^^^^^^^^^^^^
  File "D:\Persistent System\venv\Lib\site-packages\urllib3\util\retry.py", line 498, in increment
    raise reraise(type(error), error, _stacktrace)
          ^^^^^^^^^^^^^^^^^^^^^^^^^^^^^^^^^^^^^^^^
  File "D:\Persistent System\venv\Lib\site-packages\urllib3\util\util.py", line 39, in reraise
    raise value
  File "D:\Persistent System\venv\Lib\site-packages\urllib3\connectionpool.py", line 788, in urlopen
    response = self._make_request(
               ^^^^^^^^^^^^^^^^^^^
  File "D:\Persistent System\venv\Lib\site-packages\urllib3\connectionpool.py", line 536, in _make_request
    self._raise_timeout(err=e, url=url, timeout_value=read_timeout)
  File "D:\Persistent System\venv\Lib\site-packages\urllib3\connectionpool.py", line 367, in _raise_timeout
    raise ReadTimeoutError(
urllib3.exceptions.ReadTimeoutError: HTTPConnectionPool(host='127.0.0.1', port=8001): Read timed out. (read timeout=30)

During handling of the above exception, another exception occurred:

Traceback (most recent call last):
  File "D:\Persistent System\advocate_dashboard.py", line 510, in render_ticket
    ticket = api_get(
             ^^^^^^^^
  File "D:\Persistent System\advocate_dashboard.py", line 40, in api_get
    response = requests.get(
               ^^^^^^^^^^^^^
  File "D:\Persistent System\venv\Lib\site-packages\requests\api.py", line 87, in get
    return request("get", url, params=params, **kwargs)
           ^^^^^^^^^^^^^^^^^^^^^^^^^^^^^^^^^^^^^^^^^^^^
  File "D:\Persistent System\venv\Lib\site-packages\requests\api.py", line 71, in request
    return session.request(method=method, url=url, **kwargs)
           ^^^^^^^^^^^^^^^^^^^^^^^^^^^^^^^^^^^^^^^^^^^^^^^^^
  File "D:\Persistent System\venv\Lib\site-packages\requests\sessions.py", line 651, in request
    resp = self.send(prep, **send_kwargs)
           ^^^^^^^^^^^^^^^^^^^^^^^^^^^^^^
  File "D:\Persistent System\venv\Lib\site-packages\requests\sessions.py", line 784, in send
    r = adapter.send(request, **kwargs)
        ^^^^^^^^^^^^^^^^^^^^^^^^^^^^^^^
  File "D:\Persistent System\venv\Lib\site-packages\requests\adapters.py", line 742, in send
    raise ReadTimeout(e, request=request)
requests.exceptions.ReadTimeout: HTTPConnectionPool(host='127.0.0.1', port=8001): Read timed out. (read timeout=30)
2026-07-08 14:20:28,180 | ERROR | Generation tool failed
Traceback (most recent call last):
  File "D:\Persistent System\agent\tools.py", line 83, in generate_resolution_tool
    response = _invoke_with_retry(structured_llm, prompt, "Generation tool")
               ^^^^^^^^^^^^^^^^^^^^^^^^^^^^^^^^^^^^^^^^^^^^^^^^^^^^^^^^^^^^^
  File "D:\Persistent System\agent\tools.py", line 24, in _invoke_with_retry
    return model.invoke(prompt)
           ^^^^^^^^^^^^^^^^^^^^
  File "D:\Persistent System\venv\Lib\site-packages\langchain_core\runnables\base.py", line 3442, in invoke
    input_ = context.run(step.invoke, input_, config, **kwargs)
             ^^^^^^^^^^^^^^^^^^^^^^^^^^^^^^^^^^^^^^^^^^^^^^^^^^
  File "D:\Persistent System\venv\Lib\site-packages\langchain_core\runnables\base.py", line 6004, in invoke
    return self.bound.invoke(
           ^^^^^^^^^^^^^^^^^^
  File "D:\Persistent System\venv\Lib\site-packages\langchain_core\language_models\chat_models.py", line 476, in invoke
    self.generate_prompt(
  File "D:\Persistent System\venv\Lib\site-packages\langchain_core\language_models\chat_models.py", line 1849, in generate_prompt
    return self.generate(prompt_messages, stop=stop, callbacks=callbacks, **kwargs)
           ^^^^^^^^^^^^^^^^^^^^^^^^^^^^^^^^^^^^^^^^^^^^^^^^^^^^^^^^^^^^^^^^^^^^^^^^
  File "D:\Persistent System\venv\Lib\site-packages\langchain_core\language_models\chat_models.py", line 1656, in generate
    self._generate_with_cache(
  File "D:\Persistent System\venv\Lib\site-packages\langchain_core\language_models\chat_models.py", line 1994, in _generate_with_cache
    result = self._generate(
             ^^^^^^^^^^^^^^^
  File "D:\Persistent System\venv\Lib\site-packages\langchain_groq\chat_models.py", line 627, in _generate
    response = self.client.create(messages=message_dicts, **params)
               ^^^^^^^^^^^^^^^^^^^^^^^^^^^^^^^^^^^^^^^^^^^^^^^^^^^^
  File "D:\Persistent System\venv\Lib\site-packages\groq\resources\chat\completions.py", line 461, in create
    return self._post(
           ^^^^^^^^^^^
  File "D:\Persistent System\venv\Lib\site-packages\groq\_base_client.py", line 1242, in post
    return cast(ResponseT, self.request(cast_to, opts, stream=stream, stream_cls=stream_cls))
                           ^^^^^^^^^^^^^^^^^^^^^^^^^^^^^^^^^^^^^^^^^^^^^^^^^^^^^^^^^^^^^^^^^
  File "D:\Persistent System\venv\Lib\site-packages\groq\_base_client.py", line 1044, in request
    raise self._make_status_error_from_response(err.response) from None
groq.BadRequestError: Error code: 400 - {'error': {'message': "Failed to call a function. Please adjust your prompt. See 'failed_generation' for more details.", 'type': 'invalid_request_error', 'code': 'tool_use_failed', 'failed_generation': '<function=ResolutionResponse>{"addressed_issues": ["prior authorization denial"], "confidence": 0.8, "missing_issues": ["specific diagnostic results"], "reasoning": "similar cases of prior authorization denials for lab panels at CarePlus Cardiology due to insufficient diagnostic results", "recommended_resolution": ["Step 1: Verify the specific diagnostic results required for prior authorization for the Standard Select plan at CarePlus Cardiology", "Step 2: Ensure all necessary medical records and test results are collected and submitted for review", "Step 3: Review the patient\\\'s medical history to identify any existing diagnostic results that may support the prior authorization request", "Step 4: If necessary, conduct additional diagnostic tests to obtain the required results", "Step 5: Resubmit the prior authorization request with the sufficient diagnostic results and supporting medical records", "Step 6: Follow up with the insurance provider to confirm receipt and review of the resubmitted prior authorization request"], "resolution_available": true, "source_tickets": [{"ticket_id": "1234", "description": "prior authorization denial for lab panel at CarePlus Cardiology"}]} </function>'}}
2026-07-08 14:25:10,221 | ERROR | resolve_issue failed: Error code: 429 - {'error': {'message': 'Rate limit reached for model `llama-3.3-70b-versatile` in organization `org_01ktkp89fkermb3z74hnp2tymf` service tier `on_demand` on tokens per day (TPD): Limit 100000, Used 99893, Requested 2442. Please try again in 33m37.439999999s. Need more tokens? Upgrade to Dev Tier today at https://console.groq.com/settings/billing', 'type': 'tokens', 'code': 'rate_limit_exceeded'}}
Traceback (most recent call last):
  File "D:\Persistent System\inference.py", line 77, in resolve_issue
    result = await asyncio.to_thread(
             ^^^^^^^^^^^^^^^^^^^^^^^^
  File "C:\Users\swast\AppData\Local\Programs\Python\Python311\Lib\asyncio\threads.py", line 25, in to_thread
    return await loop.run_in_executor(None, func_call)
           ^^^^^^^^^^^^^^^^^^^^^^^^^^^^^^^^^^^^^^^^^^^
  File "C:\Users\swast\AppData\Local\Programs\Python\Python311\Lib\concurrent\futures\thread.py", line 58, in run
    result = self.fn(*self.args, **self.kwargs)
             ^^^^^^^^^^^^^^^^^^^^^^^^^^^^^^^^^^
  File "D:\Persistent System\venv\Lib\site-packages\langgraph\pregel\main.py", line 3928, in invoke
    for chunk in self.stream(
  File "D:\Persistent System\venv\Lib\site-packages\langgraph\pregel\main.py", line 2982, in stream
    for _ in runner.tick(
  File "D:\Persistent System\venv\Lib\site-packages\langgraph\pregel\_runner.py", line 207, in tick
    run_with_retry(
  File "D:\Persistent System\venv\Lib\site-packages\langgraph\pregel\_retry.py", line 617, in run_with_retry
    return task.proc.invoke(task.input, config)
           ^^^^^^^^^^^^^^^^^^^^^^^^^^^^^^^^^^^^
  File "D:\Persistent System\venv\Lib\site-packages\langgraph\_internal\_runnable.py", line 684, in invoke
    input = context.run(step.invoke, input, config, **kwargs)
            ^^^^^^^^^^^^^^^^^^^^^^^^^^^^^^^^^^^^^^^^^^^^^^^^^
  File "D:\Persistent System\venv\Lib\site-packages\langgraph\_internal\_runnable.py", line 426, in invoke
    ret = self.func(*args, **kwargs)
          ^^^^^^^^^^^^^^^^^^^^^^^^^^
  File "D:\Persistent System\agent\graph.py", line 45, in supervisor_node
    response = llm_with_tools.invoke([HumanMessage(content=prompt)] + messages)
               ^^^^^^^^^^^^^^^^^^^^^^^^^^^^^^^^^^^^^^^^^^^^^^^^^^^^^^^^^^^^^^^^
  File "D:\Persistent System\venv\Lib\site-packages\langchain_core\runnables\base.py", line 6004, in invoke
    return self.bound.invoke(
           ^^^^^^^^^^^^^^^^^^
  File "D:\Persistent System\venv\Lib\site-packages\langchain_core\language_models\chat_models.py", line 476, in invoke
    self.generate_prompt(
  File "D:\Persistent System\venv\Lib\site-packages\langchain_core\language_models\chat_models.py", line 1849, in generate_prompt
    return self.generate(prompt_messages, stop=stop, callbacks=callbacks, **kwargs)
           ^^^^^^^^^^^^^^^^^^^^^^^^^^^^^^^^^^^^^^^^^^^^^^^^^^^^^^^^^^^^^^^^^^^^^^^^
  File "D:\Persistent System\venv\Lib\site-packages\langchain_core\language_models\chat_models.py", line 1656, in generate
    self._generate_with_cache(
  File "D:\Persistent System\venv\Lib\site-packages\langchain_core\language_models\chat_models.py", line 1994, in _generate_with_cache
    result = self._generate(
             ^^^^^^^^^^^^^^^
  File "D:\Persistent System\venv\Lib\site-packages\langchain_groq\chat_models.py", line 627, in _generate
    response = self.client.create(messages=message_dicts, **params)
               ^^^^^^^^^^^^^^^^^^^^^^^^^^^^^^^^^^^^^^^^^^^^^^^^^^^^
  File "D:\Persistent System\venv\Lib\site-packages\groq\resources\chat\completions.py", line 461, in create
    return self._post(
           ^^^^^^^^^^^
  File "D:\Persistent System\venv\Lib\site-packages\groq\_base_client.py", line 1242, in post
    return cast(ResponseT, self.request(cast_to, opts, stream=stream, stream_cls=stream_cls))
                           ^^^^^^^^^^^^^^^^^^^^^^^^^^^^^^^^^^^^^^^^^^^^^^^^^^^^^^^^^^^^^^^^^
  File "D:\Persistent System\venv\Lib\site-packages\groq\_base_client.py", line 1044, in request
    raise self._make_status_error_from_response(err.response) from None
groq.RateLimitError: Error code: 429 - {'error': {'message': 'Rate limit reached for model `llama-3.3-70b-versatile` in organization `org_01ktkp89fkermb3z74hnp2tymf` service tier `on_demand` on tokens per day (TPD): Limit 100000, Used 99893, Requested 2442. Please try again in 33m37.439999999s. Need more tokens? Upgrade to Dev Tier today at https://console.groq.com/settings/billing', 'type': 'tokens', 'code': 'rate_limit_exceeded'}}
During task with name 'supervisor' and id '010b8bbb-a76d-9acc-cae2-b88acc345fc4'
2026-07-08 14:31:58,242 | ERROR | Critical error in resolve_issue: Error code: 429 - {'error': {'message': 'Rate limit reached for model `llama-3.3-70b-versatile` in organization `org_01ktkp89fkermb3z74hnp2tymf` service tier `on_demand` on tokens per day (TPD): Limit 100000, Used 99421, Requested 672. Please try again in 1m20.352s. Need more tokens? Upgrade to Dev Tier today at https://console.groq.com/settings/billing', 'type': 'tokens', 'code': 'rate_limit_exceeded'}}
Traceback (most recent call last):
  File "D:\Persistent System\inference.py", line 75, in resolve_issue
    result = await asyncio.to_thread(
             ^^^^^^^^^^^^^^^^^^^^^^^^
  File "C:\Users\swast\AppData\Local\Programs\Python\Python311\Lib\asyncio\threads.py", line 25, in to_thread
    return await loop.run_in_executor(None, func_call)
           ^^^^^^^^^^^^^^^^^^^^^^^^^^^^^^^^^^^^^^^^^^^
  File "C:\Users\swast\AppData\Local\Programs\Python\Python311\Lib\concurrent\futures\thread.py", line 58, in run
    result = self.fn(*self.args, **self.kwargs)
             ^^^^^^^^^^^^^^^^^^^^^^^^^^^^^^^^^^
  File "D:\Persistent System\venv\Lib\site-packages\langgraph\pregel\main.py", line 3928, in invoke
    for chunk in self.stream(
  File "D:\Persistent System\venv\Lib\site-packages\langgraph\pregel\main.py", line 2982, in stream
    for _ in runner.tick(
  File "D:\Persistent System\venv\Lib\site-packages\langgraph\pregel\_runner.py", line 207, in tick
    run_with_retry(
  File "D:\Persistent System\venv\Lib\site-packages\langgraph\pregel\_retry.py", line 617, in run_with_retry
    return task.proc.invoke(task.input, config)
           ^^^^^^^^^^^^^^^^^^^^^^^^^^^^^^^^^^^^
  File "D:\Persistent System\venv\Lib\site-packages\langgraph\_internal\_runnable.py", line 684, in invoke
    input = context.run(step.invoke, input, config, **kwargs)
            ^^^^^^^^^^^^^^^^^^^^^^^^^^^^^^^^^^^^^^^^^^^^^^^^^
  File "D:\Persistent System\venv\Lib\site-packages\langgraph\_internal\_runnable.py", line 426, in invoke
    ret = self.func(*args, **kwargs)
          ^^^^^^^^^^^^^^^^^^^^^^^^^^
  File "D:\Persistent System\agent\graph.py", line 45, in supervisor_node
    response = llm_with_tools.invoke([HumanMessage(content=prompt)] + messages)
               ^^^^^^^^^^^^^^^^^^^^^^^^^^^^^^^^^^^^^^^^^^^^^^^^^^^^^^^^^^^^^^^^
  File "D:\Persistent System\venv\Lib\site-packages\langchain_core\runnables\base.py", line 6004, in invoke
    return self.bound.invoke(
           ^^^^^^^^^^^^^^^^^^
  File "D:\Persistent System\venv\Lib\site-packages\langchain_core\language_models\chat_models.py", line 476, in invoke
    self.generate_prompt(
  File "D:\Persistent System\venv\Lib\site-packages\langchain_core\language_models\chat_models.py", line 1849, in generate_prompt
    return self.generate(prompt_messages, stop=stop, callbacks=callbacks, **kwargs)
           ^^^^^^^^^^^^^^^^^^^^^^^^^^^^^^^^^^^^^^^^^^^^^^^^^^^^^^^^^^^^^^^^^^^^^^^^
  File "D:\Persistent System\venv\Lib\site-packages\langchain_core\language_models\chat_models.py", line 1656, in generate
    self._generate_with_cache(
  File "D:\Persistent System\venv\Lib\site-packages\langchain_core\language_models\chat_models.py", line 1994, in _generate_with_cache
    result = self._generate(
             ^^^^^^^^^^^^^^^
  File "D:\Persistent System\venv\Lib\site-packages\langchain_groq\chat_models.py", line 627, in _generate
    response = self.client.create(messages=message_dicts, **params)
               ^^^^^^^^^^^^^^^^^^^^^^^^^^^^^^^^^^^^^^^^^^^^^^^^^^^^
  File "D:\Persistent System\venv\Lib\site-packages\groq\resources\chat\completions.py", line 461, in create
    return self._post(
           ^^^^^^^^^^^
  File "D:\Persistent System\venv\Lib\site-packages\groq\_base_client.py", line 1242, in post
    return cast(ResponseT, self.request(cast_to, opts, stream=stream, stream_cls=stream_cls))
                           ^^^^^^^^^^^^^^^^^^^^^^^^^^^^^^^^^^^^^^^^^^^^^^^^^^^^^^^^^^^^^^^^^
  File "D:\Persistent System\venv\Lib\site-packages\groq\_base_client.py", line 1044, in request
    raise self._make_status_error_from_response(err.response) from None
groq.RateLimitError: Error code: 429 - {'error': {'message': 'Rate limit reached for model `llama-3.3-70b-versatile` in organization `org_01ktkp89fkermb3z74hnp2tymf` service tier `on_demand` on tokens per day (TPD): Limit 100000, Used 99421, Requested 672. Please try again in 1m20.352s. Need more tokens? Upgrade to Dev Tier today at https://console.groq.com/settings/billing', 'type': 'tokens', 'code': 'rate_limit_exceeded'}}
During task with name 'supervisor' and id '13d83df4-5e9f-7f62-d48d-0b96ce5dee90'
2026-07-08 14:31:58,253 | ERROR | Resolution generation failed : INC8221845
Traceback (most recent call last):
  File "D:\Persistent System\inference.py", line 75, in resolve_issue
    result = await asyncio.to_thread(
             ^^^^^^^^^^^^^^^^^^^^^^^^
  File "C:\Users\swast\AppData\Local\Programs\Python\Python311\Lib\asyncio\threads.py", line 25, in to_thread
    return await loop.run_in_executor(None, func_call)
           ^^^^^^^^^^^^^^^^^^^^^^^^^^^^^^^^^^^^^^^^^^^
  File "C:\Users\swast\AppData\Local\Programs\Python\Python311\Lib\concurrent\futures\thread.py", line 58, in run
    result = self.fn(*self.args, **self.kwargs)
             ^^^^^^^^^^^^^^^^^^^^^^^^^^^^^^^^^^
  File "D:\Persistent System\venv\Lib\site-packages\langgraph\pregel\main.py", line 3928, in invoke
    for chunk in self.stream(
  File "D:\Persistent System\venv\Lib\site-packages\langgraph\pregel\main.py", line 2982, in stream
    for _ in runner.tick(
  File "D:\Persistent System\venv\Lib\site-packages\langgraph\pregel\_runner.py", line 207, in tick
    run_with_retry(
  File "D:\Persistent System\venv\Lib\site-packages\langgraph\pregel\_retry.py", line 617, in run_with_retry
    return task.proc.invoke(task.input, config)
           ^^^^^^^^^^^^^^^^^^^^^^^^^^^^^^^^^^^^
  File "D:\Persistent System\venv\Lib\site-packages\langgraph\_internal\_runnable.py", line 684, in invoke
    input = context.run(step.invoke, input, config, **kwargs)
            ^^^^^^^^^^^^^^^^^^^^^^^^^^^^^^^^^^^^^^^^^^^^^^^^^
  File "D:\Persistent System\venv\Lib\site-packages\langgraph\_internal\_runnable.py", line 426, in invoke
    ret = self.func(*args, **kwargs)
          ^^^^^^^^^^^^^^^^^^^^^^^^^^
  File "D:\Persistent System\agent\graph.py", line 45, in supervisor_node
    response = llm_with_tools.invoke([HumanMessage(content=prompt)] + messages)
               ^^^^^^^^^^^^^^^^^^^^^^^^^^^^^^^^^^^^^^^^^^^^^^^^^^^^^^^^^^^^^^^^
  File "D:\Persistent System\venv\Lib\site-packages\langchain_core\runnables\base.py", line 6004, in invoke
    return self.bound.invoke(
           ^^^^^^^^^^^^^^^^^^
  File "D:\Persistent System\venv\Lib\site-packages\langchain_core\language_models\chat_models.py", line 476, in invoke
    self.generate_prompt(
  File "D:\Persistent System\venv\Lib\site-packages\langchain_core\language_models\chat_models.py", line 1849, in generate_prompt
    return self.generate(prompt_messages, stop=stop, callbacks=callbacks, **kwargs)
           ^^^^^^^^^^^^^^^^^^^^^^^^^^^^^^^^^^^^^^^^^^^^^^^^^^^^^^^^^^^^^^^^^^^^^^^^
  File "D:\Persistent System\venv\Lib\site-packages\langchain_core\language_models\chat_models.py", line 1656, in generate
    self._generate_with_cache(
  File "D:\Persistent System\venv\Lib\site-packages\langchain_core\language_models\chat_models.py", line 1994, in _generate_with_cache
    result = self._generate(
             ^^^^^^^^^^^^^^^
  File "D:\Persistent System\venv\Lib\site-packages\langchain_groq\chat_models.py", line 627, in _generate
    response = self.client.create(messages=message_dicts, **params)
               ^^^^^^^^^^^^^^^^^^^^^^^^^^^^^^^^^^^^^^^^^^^^^^^^^^^^
  File "D:\Persistent System\venv\Lib\site-packages\groq\resources\chat\completions.py", line 461, in create
    return self._post(
           ^^^^^^^^^^^
  File "D:\Persistent System\venv\Lib\site-packages\groq\_base_client.py", line 1242, in post
    return cast(ResponseT, self.request(cast_to, opts, stream=stream, stream_cls=stream_cls))
                           ^^^^^^^^^^^^^^^^^^^^^^^^^^^^^^^^^^^^^^^^^^^^^^^^^^^^^^^^^^^^^^^^^
  File "D:\Persistent System\venv\Lib\site-packages\groq\_base_client.py", line 1044, in request
    raise self._make_status_error_from_response(err.response) from None
groq.RateLimitError: Error code: 429 - {'error': {'message': 'Rate limit reached for model `llama-3.3-70b-versatile` in organization `org_01ktkp89fkermb3z74hnp2tymf` service tier `on_demand` on tokens per day (TPD): Limit 100000, Used 99421, Requested 672. Please try again in 1m20.352s. Need more tokens? Upgrade to Dev Tier today at https://console.groq.com/settings/billing', 'type': 'tokens', 'code': 'rate_limit_exceeded'}}
During task with name 'supervisor' and id '13d83df4-5e9f-7f62-d48d-0b96ce5dee90'

During handling of the above exception, another exception occurred:

Traceback (most recent call last):
  File "D:\Persistent System\ticket_api.py", line 286, in generate_resolution
    result = await resolve_issue(ticket["issue_description"])
             ^^^^^^^^^^^^^^^^^^^^^^^^^^^^^^^^^^^^^^^^^^^^^^^^
  File "D:\Persistent System\inference.py", line 99, in resolve_issue
    return fallback_response()
           ^^^^^^^^^^^^^^^^^
NameError: name 'fallback_response' is not defined
2026-07-08 14:31:58,255 | ERROR | POST request failed : /ticket/INC8221845/generate-resolution
Traceback (most recent call last):
  File "D:\Persistent System\advocate_dashboard.py", line 71, in api_post
    response.raise_for_status()
  File "D:\Persistent System\venv\Lib\site-packages\requests\models.py", line 1167, in raise_for_status
    raise HTTPError(http_error_msg, response=self)
requests.exceptions.HTTPError: 500 Server Error: Internal Server Error for url: http://127.0.0.1:8001/ticket/INC8221845/generate-resolution
2026-07-08 14:31:58,289 | ERROR | Resolution generation failed : INC8221845
Traceback (most recent call last):
  File "D:\Persistent System\advocate_dashboard.py", line 620, in render_ticket
    result = api_post(
             ^^^^^^^^^
  File "D:\Persistent System\advocate_dashboard.py", line 71, in api_post
    response.raise_for_status()
  File "D:\Persistent System\venv\Lib\site-packages\requests\models.py", line 1167, in raise_for_status
    raise HTTPError(http_error_msg, response=self)
requests.exceptions.HTTPError: 500 Server Error: Internal Server Error for url: http://127.0.0.1:8001/ticket/INC8221845/generate-resolution
2026-07-08 14:33:13,290 | ERROR | Critical error in resolve_issue: Error code: 429 - {'error': {'message': 'Rate limit reached for model `llama-3.3-70b-versatile` in organization `org_01ktkp89fkermb3z74hnp2tymf` service tier `on_demand` on tokens per day (TPD): Limit 100000, Used 99999, Requested 1323. Please try again in 19m2.208s. Need more tokens? Upgrade to Dev Tier today at https://console.groq.com/settings/billing', 'type': 'tokens', 'code': 'rate_limit_exceeded'}}
Traceback (most recent call last):
  File "D:\Persistent System\inference.py", line 75, in resolve_issue
    result = await asyncio.to_thread(
             ^^^^^^^^^^^^^^^^^^^^^^^^
  File "C:\Users\swast\AppData\Local\Programs\Python\Python311\Lib\asyncio\threads.py", line 25, in to_thread
    return await loop.run_in_executor(None, func_call)
           ^^^^^^^^^^^^^^^^^^^^^^^^^^^^^^^^^^^^^^^^^^^
  File "C:\Users\swast\AppData\Local\Programs\Python\Python311\Lib\concurrent\futures\thread.py", line 58, in run
    result = self.fn(*self.args, **self.kwargs)
             ^^^^^^^^^^^^^^^^^^^^^^^^^^^^^^^^^^
  File "D:\Persistent System\venv\Lib\site-packages\langgraph\pregel\main.py", line 3928, in invoke
    for chunk in self.stream(
  File "D:\Persistent System\venv\Lib\site-packages\langgraph\pregel\main.py", line 2982, in stream
    for _ in runner.tick(
  File "D:\Persistent System\venv\Lib\site-packages\langgraph\pregel\_runner.py", line 207, in tick
    run_with_retry(
  File "D:\Persistent System\venv\Lib\site-packages\langgraph\pregel\_retry.py", line 617, in run_with_retry
    return task.proc.invoke(task.input, config)
           ^^^^^^^^^^^^^^^^^^^^^^^^^^^^^^^^^^^^
  File "D:\Persistent System\venv\Lib\site-packages\langgraph\_internal\_runnable.py", line 684, in invoke
    input = context.run(step.invoke, input, config, **kwargs)
            ^^^^^^^^^^^^^^^^^^^^^^^^^^^^^^^^^^^^^^^^^^^^^^^^^
  File "D:\Persistent System\venv\Lib\site-packages\langgraph\_internal\_runnable.py", line 426, in invoke
    ret = self.func(*args, **kwargs)
          ^^^^^^^^^^^^^^^^^^^^^^^^^^
  File "D:\Persistent System\agent\graph.py", line 45, in supervisor_node
    response = llm_with_tools.invoke([HumanMessage(content=prompt)] + messages)
               ^^^^^^^^^^^^^^^^^^^^^^^^^^^^^^^^^^^^^^^^^^^^^^^^^^^^^^^^^^^^^^^^
  File "D:\Persistent System\venv\Lib\site-packages\langchain_core\runnables\base.py", line 6004, in invoke
    return self.bound.invoke(
           ^^^^^^^^^^^^^^^^^^
  File "D:\Persistent System\venv\Lib\site-packages\langchain_core\language_models\chat_models.py", line 476, in invoke
    self.generate_prompt(
  File "D:\Persistent System\venv\Lib\site-packages\langchain_core\language_models\chat_models.py", line 1849, in generate_prompt
    return self.generate(prompt_messages, stop=stop, callbacks=callbacks, **kwargs)
           ^^^^^^^^^^^^^^^^^^^^^^^^^^^^^^^^^^^^^^^^^^^^^^^^^^^^^^^^^^^^^^^^^^^^^^^^
  File "D:\Persistent System\venv\Lib\site-packages\langchain_core\language_models\chat_models.py", line 1656, in generate
    self._generate_with_cache(
  File "D:\Persistent System\venv\Lib\site-packages\langchain_core\language_models\chat_models.py", line 1994, in _generate_with_cache
    result = self._generate(
             ^^^^^^^^^^^^^^^
  File "D:\Persistent System\venv\Lib\site-packages\langchain_groq\chat_models.py", line 627, in _generate
    response = self.client.create(messages=message_dicts, **params)
               ^^^^^^^^^^^^^^^^^^^^^^^^^^^^^^^^^^^^^^^^^^^^^^^^^^^^
  File "D:\Persistent System\venv\Lib\site-packages\groq\resources\chat\completions.py", line 461, in create
    return self._post(
           ^^^^^^^^^^^
  File "D:\Persistent System\venv\Lib\site-packages\groq\_base_client.py", line 1242, in post
    return cast(ResponseT, self.request(cast_to, opts, stream=stream, stream_cls=stream_cls))
                           ^^^^^^^^^^^^^^^^^^^^^^^^^^^^^^^^^^^^^^^^^^^^^^^^^^^^^^^^^^^^^^^^^
  File "D:\Persistent System\venv\Lib\site-packages\groq\_base_client.py", line 1044, in request
    raise self._make_status_error_from_response(err.response) from None
groq.RateLimitError: Error code: 429 - {'error': {'message': 'Rate limit reached for model `llama-3.3-70b-versatile` in organization `org_01ktkp89fkermb3z74hnp2tymf` service tier `on_demand` on tokens per day (TPD): Limit 100000, Used 99999, Requested 1323. Please try again in 19m2.208s. Need more tokens? Upgrade to Dev Tier today at https://console.groq.com/settings/billing', 'type': 'tokens', 'code': 'rate_limit_exceeded'}}
During task with name 'supervisor' and id '1d97308e-927e-3e5d-6fef-eb7938cf0a05'
2026-07-08 14:33:13,306 | ERROR | Resolution generation failed : INC5375063
Traceback (most recent call last):
  File "D:\Persistent System\inference.py", line 75, in resolve_issue
    result = await asyncio.to_thread(
             ^^^^^^^^^^^^^^^^^^^^^^^^
  File "C:\Users\swast\AppData\Local\Programs\Python\Python311\Lib\asyncio\threads.py", line 25, in to_thread
    return await loop.run_in_executor(None, func_call)
           ^^^^^^^^^^^^^^^^^^^^^^^^^^^^^^^^^^^^^^^^^^^
  File "C:\Users\swast\AppData\Local\Programs\Python\Python311\Lib\concurrent\futures\thread.py", line 58, in run
    result = self.fn(*self.args, **self.kwargs)
             ^^^^^^^^^^^^^^^^^^^^^^^^^^^^^^^^^^
  File "D:\Persistent System\venv\Lib\site-packages\langgraph\pregel\main.py", line 3928, in invoke
    for chunk in self.stream(
  File "D:\Persistent System\venv\Lib\site-packages\langgraph\pregel\main.py", line 2982, in stream
    for _ in runner.tick(
  File "D:\Persistent System\venv\Lib\site-packages\langgraph\pregel\_runner.py", line 207, in tick
    run_with_retry(
  File "D:\Persistent System\venv\Lib\site-packages\langgraph\pregel\_retry.py", line 617, in run_with_retry
    return task.proc.invoke(task.input, config)
           ^^^^^^^^^^^^^^^^^^^^^^^^^^^^^^^^^^^^
  File "D:\Persistent System\venv\Lib\site-packages\langgraph\_internal\_runnable.py", line 684, in invoke
    input = context.run(step.invoke, input, config, **kwargs)
            ^^^^^^^^^^^^^^^^^^^^^^^^^^^^^^^^^^^^^^^^^^^^^^^^^
  File "D:\Persistent System\venv\Lib\site-packages\langgraph\_internal\_runnable.py", line 426, in invoke
    ret = self.func(*args, **kwargs)
          ^^^^^^^^^^^^^^^^^^^^^^^^^^
  File "D:\Persistent System\agent\graph.py", line 45, in supervisor_node
    response = llm_with_tools.invoke([HumanMessage(content=prompt)] + messages)
               ^^^^^^^^^^^^^^^^^^^^^^^^^^^^^^^^^^^^^^^^^^^^^^^^^^^^^^^^^^^^^^^^
  File "D:\Persistent System\venv\Lib\site-packages\langchain_core\runnables\base.py", line 6004, in invoke
    return self.bound.invoke(
           ^^^^^^^^^^^^^^^^^^
  File "D:\Persistent System\venv\Lib\site-packages\langchain_core\language_models\chat_models.py", line 476, in invoke
    self.generate_prompt(
  File "D:\Persistent System\venv\Lib\site-packages\langchain_core\language_models\chat_models.py", line 1849, in generate_prompt
    return self.generate(prompt_messages, stop=stop, callbacks=callbacks, **kwargs)
           ^^^^^^^^^^^^^^^^^^^^^^^^^^^^^^^^^^^^^^^^^^^^^^^^^^^^^^^^^^^^^^^^^^^^^^^^
  File "D:\Persistent System\venv\Lib\site-packages\langchain_core\language_models\chat_models.py", line 1656, in generate
    self._generate_with_cache(
  File "D:\Persistent System\venv\Lib\site-packages\langchain_core\language_models\chat_models.py", line 1994, in _generate_with_cache
    result = self._generate(
             ^^^^^^^^^^^^^^^
  File "D:\Persistent System\venv\Lib\site-packages\langchain_groq\chat_models.py", line 627, in _generate
    response = self.client.create(messages=message_dicts, **params)
               ^^^^^^^^^^^^^^^^^^^^^^^^^^^^^^^^^^^^^^^^^^^^^^^^^^^^
  File "D:\Persistent System\venv\Lib\site-packages\groq\resources\chat\completions.py", line 461, in create
    return self._post(
           ^^^^^^^^^^^
  File "D:\Persistent System\venv\Lib\site-packages\groq\_base_client.py", line 1242, in post
    return cast(ResponseT, self.request(cast_to, opts, stream=stream, stream_cls=stream_cls))
                           ^^^^^^^^^^^^^^^^^^^^^^^^^^^^^^^^^^^^^^^^^^^^^^^^^^^^^^^^^^^^^^^^^
  File "D:\Persistent System\venv\Lib\site-packages\groq\_base_client.py", line 1044, in request
    raise self._make_status_error_from_response(err.response) from None
groq.RateLimitError: Error code: 429 - {'error': {'message': 'Rate limit reached for model `llama-3.3-70b-versatile` in organization `org_01ktkp89fkermb3z74hnp2tymf` service tier `on_demand` on tokens per day (TPD): Limit 100000, Used 99999, Requested 1323. Please try again in 19m2.208s. Need more tokens? Upgrade to Dev Tier today at https://console.groq.com/settings/billing', 'type': 'tokens', 'code': 'rate_limit_exceeded'}}
During task with name 'supervisor' and id '1d97308e-927e-3e5d-6fef-eb7938cf0a05'

During handling of the above exception, another exception occurred:

Traceback (most recent call last):
  File "D:\Persistent System\ticket_api.py", line 286, in generate_resolution
    result = await resolve_issue(ticket["issue_description"])
             ^^^^^^^^^^^^^^^^^^^^^^^^^^^^^^^^^^^^^^^^^^^^^^^^
  File "D:\Persistent System\inference.py", line 99, in resolve_issue
    return fallback_response()
           ^^^^^^^^^^^^^^^^^
NameError: name 'fallback_response' is not defined
2026-07-08 14:33:13,319 | ERROR | POST request failed : /ticket/INC5375063/generate-resolution
Traceback (most recent call last):
  File "D:\Persistent System\advocate_dashboard.py", line 71, in api_post
    response.raise_for_status()
  File "D:\Persistent System\venv\Lib\site-packages\requests\models.py", line 1167, in raise_for_status
    raise HTTPError(http_error_msg, response=self)
requests.exceptions.HTTPError: 500 Server Error: Internal Server Error for url: http://127.0.0.1:8001/ticket/INC5375063/generate-resolution
2026-07-08 14:33:13,320 | ERROR | Resolution generation failed : INC5375063
Traceback (most recent call last):
  File "D:\Persistent System\advocate_dashboard.py", line 620, in render_ticket
    result = api_post(
             ^^^^^^^^^
  File "D:\Persistent System\advocate_dashboard.py", line 71, in api_post
    response.raise_for_status()
  File "D:\Persistent System\venv\Lib\site-packages\requests\models.py", line 1167, in raise_for_status
    raise HTTPError(http_error_msg, response=self)
requests.exceptions.HTTPError: 500 Server Error: Internal Server Error for url: http://127.0.0.1:8001/ticket/INC5375063/generate-resolution
2026-07-08 14:42:53,588 | ERROR | Critical error in resolve_issue: Error code: 429 - {'error': {'message': 'Rate limit reached for model `llama-3.3-70b-versatile` in organization `org_01ktkp89fkermb3z74hnp2tymf` service tier `on_demand` on tokens per day (TPD): Limit 100000, Used 99998, Requested 1330. Please try again in 19m7.392s. Need more tokens? Upgrade to Dev Tier today at https://console.groq.com/settings/billing', 'type': 'tokens', 'code': 'rate_limit_exceeded'}}
Traceback (most recent call last):
  File "D:\Persistent System\inference.py", line 75, in resolve_issue
    result = await asyncio.to_thread(
             ^^^^^^^^^^^^^^^^^^^^^^^^
  File "C:\Users\swast\AppData\Local\Programs\Python\Python311\Lib\asyncio\threads.py", line 25, in to_thread
    return await loop.run_in_executor(None, func_call)
           ^^^^^^^^^^^^^^^^^^^^^^^^^^^^^^^^^^^^^^^^^^^
  File "C:\Users\swast\AppData\Local\Programs\Python\Python311\Lib\concurrent\futures\thread.py", line 58, in run
    result = self.fn(*self.args, **self.kwargs)
             ^^^^^^^^^^^^^^^^^^^^^^^^^^^^^^^^^^
  File "D:\Persistent System\venv\Lib\site-packages\langgraph\pregel\main.py", line 3928, in invoke
    for chunk in self.stream(
  File "D:\Persistent System\venv\Lib\site-packages\langgraph\pregel\main.py", line 2982, in stream
    for _ in runner.tick(
  File "D:\Persistent System\venv\Lib\site-packages\langgraph\pregel\_runner.py", line 207, in tick
    run_with_retry(
  File "D:\Persistent System\venv\Lib\site-packages\langgraph\pregel\_retry.py", line 617, in run_with_retry
    return task.proc.invoke(task.input, config)
           ^^^^^^^^^^^^^^^^^^^^^^^^^^^^^^^^^^^^
  File "D:\Persistent System\venv\Lib\site-packages\langgraph\_internal\_runnable.py", line 684, in invoke
    input = context.run(step.invoke, input, config, **kwargs)
            ^^^^^^^^^^^^^^^^^^^^^^^^^^^^^^^^^^^^^^^^^^^^^^^^^
  File "D:\Persistent System\venv\Lib\site-packages\langgraph\_internal\_runnable.py", line 426, in invoke
    ret = self.func(*args, **kwargs)
          ^^^^^^^^^^^^^^^^^^^^^^^^^^
  File "D:\Persistent System\agent\graph.py", line 45, in supervisor_node
    response = llm_with_tools.invoke([HumanMessage(content=prompt)] + messages)
               ^^^^^^^^^^^^^^^^^^^^^^^^^^^^^^^^^^^^^^^^^^^^^^^^^^^^^^^^^^^^^^^^
  File "D:\Persistent System\venv\Lib\site-packages\langchain_core\runnables\base.py", line 6004, in invoke
    return self.bound.invoke(
           ^^^^^^^^^^^^^^^^^^
  File "D:\Persistent System\venv\Lib\site-packages\langchain_core\language_models\chat_models.py", line 476, in invoke
    self.generate_prompt(
  File "D:\Persistent System\venv\Lib\site-packages\langchain_core\language_models\chat_models.py", line 1849, in generate_prompt
    return self.generate(prompt_messages, stop=stop, callbacks=callbacks, **kwargs)
           ^^^^^^^^^^^^^^^^^^^^^^^^^^^^^^^^^^^^^^^^^^^^^^^^^^^^^^^^^^^^^^^^^^^^^^^^
  File "D:\Persistent System\venv\Lib\site-packages\langchain_core\language_models\chat_models.py", line 1656, in generate
    self._generate_with_cache(
  File "D:\Persistent System\venv\Lib\site-packages\langchain_core\language_models\chat_models.py", line 1994, in _generate_with_cache
    result = self._generate(
             ^^^^^^^^^^^^^^^
  File "D:\Persistent System\venv\Lib\site-packages\langchain_groq\chat_models.py", line 627, in _generate
    response = self.client.create(messages=message_dicts, **params)
               ^^^^^^^^^^^^^^^^^^^^^^^^^^^^^^^^^^^^^^^^^^^^^^^^^^^^
  File "D:\Persistent System\venv\Lib\site-packages\groq\resources\chat\completions.py", line 461, in create
    return self._post(
           ^^^^^^^^^^^
  File "D:\Persistent System\venv\Lib\site-packages\groq\_base_client.py", line 1242, in post
    return cast(ResponseT, self.request(cast_to, opts, stream=stream, stream_cls=stream_cls))
                           ^^^^^^^^^^^^^^^^^^^^^^^^^^^^^^^^^^^^^^^^^^^^^^^^^^^^^^^^^^^^^^^^^
  File "D:\Persistent System\venv\Lib\site-packages\groq\_base_client.py", line 1044, in request
    raise self._make_status_error_from_response(err.response) from None
groq.RateLimitError: Error code: 429 - {'error': {'message': 'Rate limit reached for model `llama-3.3-70b-versatile` in organization `org_01ktkp89fkermb3z74hnp2tymf` service tier `on_demand` on tokens per day (TPD): Limit 100000, Used 99998, Requested 1330. Please try again in 19m7.392s. Need more tokens? Upgrade to Dev Tier today at https://console.groq.com/settings/billing', 'type': 'tokens', 'code': 'rate_limit_exceeded'}}
During task with name 'supervisor' and id '843ca8b4-7d11-0f00-60fc-d9c2b6db81e3'
2026-07-08 14:42:53,614 | ERROR | Resolution generation failed : INC7442986
Traceback (most recent call last):
  File "D:\Persistent System\inference.py", line 75, in resolve_issue
    result = await asyncio.to_thread(
             ^^^^^^^^^^^^^^^^^^^^^^^^
  File "C:\Users\swast\AppData\Local\Programs\Python\Python311\Lib\asyncio\threads.py", line 25, in to_thread
    return await loop.run_in_executor(None, func_call)
           ^^^^^^^^^^^^^^^^^^^^^^^^^^^^^^^^^^^^^^^^^^^
  File "C:\Users\swast\AppData\Local\Programs\Python\Python311\Lib\concurrent\futures\thread.py", line 58, in run
    result = self.fn(*self.args, **self.kwargs)
             ^^^^^^^^^^^^^^^^^^^^^^^^^^^^^^^^^^
  File "D:\Persistent System\venv\Lib\site-packages\langgraph\pregel\main.py", line 3928, in invoke
    for chunk in self.stream(
  File "D:\Persistent System\venv\Lib\site-packages\langgraph\pregel\main.py", line 2982, in stream
    for _ in runner.tick(
  File "D:\Persistent System\venv\Lib\site-packages\langgraph\pregel\_runner.py", line 207, in tick
    run_with_retry(
  File "D:\Persistent System\venv\Lib\site-packages\langgraph\pregel\_retry.py", line 617, in run_with_retry
    return task.proc.invoke(task.input, config)
           ^^^^^^^^^^^^^^^^^^^^^^^^^^^^^^^^^^^^
  File "D:\Persistent System\venv\Lib\site-packages\langgraph\_internal\_runnable.py", line 684, in invoke
    input = context.run(step.invoke, input, config, **kwargs)
            ^^^^^^^^^^^^^^^^^^^^^^^^^^^^^^^^^^^^^^^^^^^^^^^^^
  File "D:\Persistent System\venv\Lib\site-packages\langgraph\_internal\_runnable.py", line 426, in invoke
    ret = self.func(*args, **kwargs)
          ^^^^^^^^^^^^^^^^^^^^^^^^^^
  File "D:\Persistent System\agent\graph.py", line 45, in supervisor_node
    response = llm_with_tools.invoke([HumanMessage(content=prompt)] + messages)
               ^^^^^^^^^^^^^^^^^^^^^^^^^^^^^^^^^^^^^^^^^^^^^^^^^^^^^^^^^^^^^^^^
  File "D:\Persistent System\venv\Lib\site-packages\langchain_core\runnables\base.py", line 6004, in invoke
    return self.bound.invoke(
           ^^^^^^^^^^^^^^^^^^
  File "D:\Persistent System\venv\Lib\site-packages\langchain_core\language_models\chat_models.py", line 476, in invoke
    self.generate_prompt(
  File "D:\Persistent System\venv\Lib\site-packages\langchain_core\language_models\chat_models.py", line 1849, in generate_prompt
    return self.generate(prompt_messages, stop=stop, callbacks=callbacks, **kwargs)
           ^^^^^^^^^^^^^^^^^^^^^^^^^^^^^^^^^^^^^^^^^^^^^^^^^^^^^^^^^^^^^^^^^^^^^^^^
  File "D:\Persistent System\venv\Lib\site-packages\langchain_core\language_models\chat_models.py", line 1656, in generate
    self._generate_with_cache(
  File "D:\Persistent System\venv\Lib\site-packages\langchain_core\language_models\chat_models.py", line 1994, in _generate_with_cache
    result = self._generate(
             ^^^^^^^^^^^^^^^
  File "D:\Persistent System\venv\Lib\site-packages\langchain_groq\chat_models.py", line 627, in _generate
    response = self.client.create(messages=message_dicts, **params)
               ^^^^^^^^^^^^^^^^^^^^^^^^^^^^^^^^^^^^^^^^^^^^^^^^^^^^
  File "D:\Persistent System\venv\Lib\site-packages\groq\resources\chat\completions.py", line 461, in create
    return self._post(
           ^^^^^^^^^^^
  File "D:\Persistent System\venv\Lib\site-packages\groq\_base_client.py", line 1242, in post
    return cast(ResponseT, self.request(cast_to, opts, stream=stream, stream_cls=stream_cls))
                           ^^^^^^^^^^^^^^^^^^^^^^^^^^^^^^^^^^^^^^^^^^^^^^^^^^^^^^^^^^^^^^^^^
  File "D:\Persistent System\venv\Lib\site-packages\groq\_base_client.py", line 1044, in request
    raise self._make_status_error_from_response(err.response) from None
groq.RateLimitError: Error code: 429 - {'error': {'message': 'Rate limit reached for model `llama-3.3-70b-versatile` in organization `org_01ktkp89fkermb3z74hnp2tymf` service tier `on_demand` on tokens per day (TPD): Limit 100000, Used 99998, Requested 1330. Please try again in 19m7.392s. Need more tokens? Upgrade to Dev Tier today at https://console.groq.com/settings/billing', 'type': 'tokens', 'code': 'rate_limit_exceeded'}}
During task with name 'supervisor' and id '843ca8b4-7d11-0f00-60fc-d9c2b6db81e3'

During handling of the above exception, another exception occurred:

Traceback (most recent call last):
  File "D:\Persistent System\ticket_api.py", line 286, in generate_resolution
    result = await resolve_issue(ticket["issue_description"])
             ^^^^^^^^^^^^^^^^^^^^^^^^^^^^^^^^^^^^^^^^^^^^^^^^
  File "D:\Persistent System\inference.py", line 99, in resolve_issue
    return fallback_response()
           ^^^^^^^^^^^^^^^^^
NameError: name 'fallback_response' is not defined
2026-07-08 14:42:53,621 | ERROR | POST request failed : /ticket/INC7442986/generate-resolution
Traceback (most recent call last):
  File "D:\Persistent System\advocate_dashboard.py", line 71, in api_post
    response.raise_for_status()
  File "D:\Persistent System\venv\Lib\site-packages\requests\models.py", line 1167, in raise_for_status
    raise HTTPError(http_error_msg, response=self)
requests.exceptions.HTTPError: 500 Server Error: Internal Server Error for url: http://127.0.0.1:8001/ticket/INC7442986/generate-resolution
2026-07-08 14:42:53,622 | ERROR | Resolution generation failed : INC7442986
Traceback (most recent call last):
  File "D:\Persistent System\advocate_dashboard.py", line 620, in render_ticket
    result = api_post(
             ^^^^^^^^^
  File "D:\Persistent System\advocate_dashboard.py", line 71, in api_post
    response.raise_for_status()
  File "D:\Persistent System\venv\Lib\site-packages\requests\models.py", line 1167, in raise_for_status
    raise HTTPError(http_error_msg, response=self)
requests.exceptions.HTTPError: 500 Server Error: Internal Server Error for url: http://127.0.0.1:8001/ticket/INC7442986/generate-resolution
2026-07-08 15:05:21,079 | ERROR | Autonomous agent execution failed.
Traceback (most recent call last):
  File "D:\Persistent System\inference.py", line 80, in resolve_issue
    result = await asyncio.to_thread(
             ^^^^^^^^^^^^^^^^^^^^^^^^
  File "C:\Users\swast\AppData\Local\Programs\Python\Python311\Lib\asyncio\threads.py", line 25, in to_thread
    return await loop.run_in_executor(None, func_call)
           ^^^^^^^^^^^^^^^^^^^^^^^^^^^^^^^^^^^^^^^^^^^
  File "C:\Users\swast\AppData\Local\Programs\Python\Python311\Lib\concurrent\futures\thread.py", line 58, in run
    result = self.fn(*self.args, **self.kwargs)
             ^^^^^^^^^^^^^^^^^^^^^^^^^^^^^^^^^^
  File "D:\Persistent System\venv\Lib\site-packages\langgraph\pregel\main.py", line 3928, in invoke
    for chunk in self.stream(
  File "D:\Persistent System\venv\Lib\site-packages\langgraph\pregel\main.py", line 2982, in stream
    for _ in runner.tick(
  File "D:\Persistent System\venv\Lib\site-packages\langgraph\pregel\_runner.py", line 207, in tick
    run_with_retry(
  File "D:\Persistent System\venv\Lib\site-packages\langgraph\pregel\_retry.py", line 617, in run_with_retry
    return task.proc.invoke(task.input, config)
           ^^^^^^^^^^^^^^^^^^^^^^^^^^^^^^^^^^^^
  File "D:\Persistent System\venv\Lib\site-packages\langgraph\_internal\_runnable.py", line 684, in invoke
    input = context.run(step.invoke, input, config, **kwargs)
            ^^^^^^^^^^^^^^^^^^^^^^^^^^^^^^^^^^^^^^^^^^^^^^^^^
  File "D:\Persistent System\venv\Lib\site-packages\langgraph\_internal\_runnable.py", line 426, in invoke
    ret = self.func(*args, **kwargs)
          ^^^^^^^^^^^^^^^^^^^^^^^^^^
  File "D:\Persistent System\agent\graph.py", line 86, in supervisor_node
    response = llm_with_tools.invoke(
               ^^^^^^^^^^^^^^^^^^^^^^
  File "D:\Persistent System\venv\Lib\site-packages\langchain_core\runnables\base.py", line 6004, in invoke
    return self.bound.invoke(
           ^^^^^^^^^^^^^^^^^^
  File "D:\Persistent System\venv\Lib\site-packages\langchain_core\language_models\chat_models.py", line 476, in invoke
    self.generate_prompt(
  File "D:\Persistent System\venv\Lib\site-packages\langchain_core\language_models\chat_models.py", line 1849, in generate_prompt
    return self.generate(prompt_messages, stop=stop, callbacks=callbacks, **kwargs)
           ^^^^^^^^^^^^^^^^^^^^^^^^^^^^^^^^^^^^^^^^^^^^^^^^^^^^^^^^^^^^^^^^^^^^^^^^
  File "D:\Persistent System\venv\Lib\site-packages\langchain_core\language_models\chat_models.py", line 1656, in generate
    self._generate_with_cache(
  File "D:\Persistent System\venv\Lib\site-packages\langchain_core\language_models\chat_models.py", line 1994, in _generate_with_cache
    result = self._generate(
             ^^^^^^^^^^^^^^^
  File "D:\Persistent System\venv\Lib\site-packages\langchain_groq\chat_models.py", line 627, in _generate
    response = self.client.create(messages=message_dicts, **params)
               ^^^^^^^^^^^^^^^^^^^^^^^^^^^^^^^^^^^^^^^^^^^^^^^^^^^^
  File "D:\Persistent System\venv\Lib\site-packages\groq\resources\chat\completions.py", line 461, in create
    return self._post(
           ^^^^^^^^^^^
  File "D:\Persistent System\venv\Lib\site-packages\groq\_base_client.py", line 1242, in post
    return cast(ResponseT, self.request(cast_to, opts, stream=stream, stream_cls=stream_cls))
                           ^^^^^^^^^^^^^^^^^^^^^^^^^^^^^^^^^^^^^^^^^^^^^^^^^^^^^^^^^^^^^^^^^
  File "D:\Persistent System\venv\Lib\site-packages\groq\_base_client.py", line 1044, in request
    raise self._make_status_error_from_response(err.response) from None
groq.RateLimitError: Error code: 429 - {'error': {'message': 'Rate limit reached for model `llama-3.3-70b-versatile` in organization `org_01ktkp89fkermb3z74hnp2tymf` service tier `on_demand` on tokens per day (TPD): Limit 100000, Used 99125, Requested 1321. Please try again in 6m25.344s. Need more tokens? Upgrade to Dev Tier today at https://console.groq.com/settings/billing', 'type': 'tokens', 'code': 'rate_limit_exceeded'}}
During task with name 'supervisor' and id '5993b743-2304-4d38-35cb-aff54ca7070e'
2026-07-08 15:05:21,147 | ERROR | Resolution generation failed : INC5070038
Traceback (most recent call last):
  File "D:\Persistent System\ticket_api.py", line 286, in generate_resolution
    result = await resolve_issue(ticket["issue_description"])
             ^^^^^^^^^^^^^^^^^^^^^^^^^^^^^^^^^^^^^^^^^^^^^^^^
  File "D:\Persistent System\inference.py", line 80, in resolve_issue
    result = await asyncio.to_thread(
             ^^^^^^^^^^^^^^^^^^^^^^^^
  File "C:\Users\swast\AppData\Local\Programs\Python\Python311\Lib\asyncio\threads.py", line 25, in to_thread
    return await loop.run_in_executor(None, func_call)
           ^^^^^^^^^^^^^^^^^^^^^^^^^^^^^^^^^^^^^^^^^^^
  File "C:\Users\swast\AppData\Local\Programs\Python\Python311\Lib\concurrent\futures\thread.py", line 58, in run
    result = self.fn(*self.args, **self.kwargs)
             ^^^^^^^^^^^^^^^^^^^^^^^^^^^^^^^^^^
  File "D:\Persistent System\venv\Lib\site-packages\langgraph\pregel\main.py", line 3928, in invoke
    for chunk in self.stream(
  File "D:\Persistent System\venv\Lib\site-packages\langgraph\pregel\main.py", line 2982, in stream
    for _ in runner.tick(
  File "D:\Persistent System\venv\Lib\site-packages\langgraph\pregel\_runner.py", line 207, in tick
    run_with_retry(
  File "D:\Persistent System\venv\Lib\site-packages\langgraph\pregel\_retry.py", line 617, in run_with_retry
    return task.proc.invoke(task.input, config)
           ^^^^^^^^^^^^^^^^^^^^^^^^^^^^^^^^^^^^
  File "D:\Persistent System\venv\Lib\site-packages\langgraph\_internal\_runnable.py", line 684, in invoke
    input = context.run(step.invoke, input, config, **kwargs)
            ^^^^^^^^^^^^^^^^^^^^^^^^^^^^^^^^^^^^^^^^^^^^^^^^^
  File "D:\Persistent System\venv\Lib\site-packages\langgraph\_internal\_runnable.py", line 426, in invoke
    ret = self.func(*args, **kwargs)
          ^^^^^^^^^^^^^^^^^^^^^^^^^^
  File "D:\Persistent System\agent\graph.py", line 86, in supervisor_node
    response = llm_with_tools.invoke(
               ^^^^^^^^^^^^^^^^^^^^^^
  File "D:\Persistent System\venv\Lib\site-packages\langchain_core\runnables\base.py", line 6004, in invoke
    return self.bound.invoke(
           ^^^^^^^^^^^^^^^^^^
  File "D:\Persistent System\venv\Lib\site-packages\langchain_core\language_models\chat_models.py", line 476, in invoke
    self.generate_prompt(
  File "D:\Persistent System\venv\Lib\site-packages\langchain_core\language_models\chat_models.py", line 1849, in generate_prompt
    return self.generate(prompt_messages, stop=stop, callbacks=callbacks, **kwargs)
           ^^^^^^^^^^^^^^^^^^^^^^^^^^^^^^^^^^^^^^^^^^^^^^^^^^^^^^^^^^^^^^^^^^^^^^^^
  File "D:\Persistent System\venv\Lib\site-packages\langchain_core\language_models\chat_models.py", line 1656, in generate
    self._generate_with_cache(
  File "D:\Persistent System\venv\Lib\site-packages\langchain_core\language_models\chat_models.py", line 1994, in _generate_with_cache
    result = self._generate(
             ^^^^^^^^^^^^^^^
  File "D:\Persistent System\venv\Lib\site-packages\langchain_groq\chat_models.py", line 627, in _generate
    response = self.client.create(messages=message_dicts, **params)
               ^^^^^^^^^^^^^^^^^^^^^^^^^^^^^^^^^^^^^^^^^^^^^^^^^^^^
  File "D:\Persistent System\venv\Lib\site-packages\groq\resources\chat\completions.py", line 461, in create
    return self._post(
           ^^^^^^^^^^^
  File "D:\Persistent System\venv\Lib\site-packages\groq\_base_client.py", line 1242, in post
    return cast(ResponseT, self.request(cast_to, opts, stream=stream, stream_cls=stream_cls))
                           ^^^^^^^^^^^^^^^^^^^^^^^^^^^^^^^^^^^^^^^^^^^^^^^^^^^^^^^^^^^^^^^^^
  File "D:\Persistent System\venv\Lib\site-packages\groq\_base_client.py", line 1044, in request
    raise self._make_status_error_from_response(err.response) from None
groq.RateLimitError: Error code: 429 - {'error': {'message': 'Rate limit reached for model `llama-3.3-70b-versatile` in organization `org_01ktkp89fkermb3z74hnp2tymf` service tier `on_demand` on tokens per day (TPD): Limit 100000, Used 99125, Requested 1321. Please try again in 6m25.344s. Need more tokens? Upgrade to Dev Tier today at https://console.groq.com/settings/billing', 'type': 'tokens', 'code': 'rate_limit_exceeded'}}
During task with name 'supervisor' and id '5993b743-2304-4d38-35cb-aff54ca7070e'
2026-07-08 15:05:21,149 | ERROR | POST request failed : /ticket/INC5070038/generate-resolution
Traceback (most recent call last):
  File "D:\Persistent System\advocate_dashboard.py", line 71, in api_post
    response.raise_for_status()
  File "D:\Persistent System\venv\Lib\site-packages\requests\models.py", line 1167, in raise_for_status
    raise HTTPError(http_error_msg, response=self)
requests.exceptions.HTTPError: 500 Server Error: Internal Server Error for url: http://127.0.0.1:8001/ticket/INC5070038/generate-resolution
2026-07-08 15:05:21,149 | ERROR | Resolution generation failed : INC5070038
Traceback (most recent call last):
  File "D:\Persistent System\advocate_dashboard.py", line 620, in render_ticket
    result = api_post(
             ^^^^^^^^^
  File "D:\Persistent System\advocate_dashboard.py", line 71, in api_post
    response.raise_for_status()
  File "D:\Persistent System\venv\Lib\site-packages\requests\models.py", line 1167, in raise_for_status
    raise HTTPError(http_error_msg, response=self)
requests.exceptions.HTTPError: 500 Server Error: Internal Server Error for url: http://127.0.0.1:8001/ticket/INC5070038/generate-resolution
2026-07-08 15:15:43,948 | ERROR | Retrieval failed
Traceback (most recent call last):
  File "D:\Persistent System\agent\retriever.py", line 8, in retrieve_context
    query_embedding = embedding_model.encode(issue_description).tolist()
                      ^^^^^^^^^^^^^^^
NameError: name 'embedding_model' is not defined
2026-07-08 15:15:44,308 | ERROR | Retrieval failed
Traceback (most recent call last):
  File "D:\Persistent System\agent\retriever.py", line 8, in retrieve_context
    query_embedding = embedding_model.encode(issue_description).tolist()
                      ^^^^^^^^^^^^^^^
NameError: name 'embedding_model' is not defined
2026-07-08 15:15:44,372 | ERROR | Autonomous agent execution failed.
Traceback (most recent call last):
  File "D:\Persistent System\inference.py", line 52, in resolve_issue
    result = await asyncio.to_thread(
             ^^^^^^^^^^^^^^^^^^^^^^^^
  File "C:\Users\swast\AppData\Local\Programs\Python\Python311\Lib\asyncio\threads.py", line 25, in to_thread
    return await loop.run_in_executor(None, func_call)
           ^^^^^^^^^^^^^^^^^^^^^^^^^^^^^^^^^^^^^^^^^^^
  File "C:\Users\swast\AppData\Local\Programs\Python\Python311\Lib\concurrent\futures\thread.py", line 58, in run
    result = self.fn(*self.args, **self.kwargs)
             ^^^^^^^^^^^^^^^^^^^^^^^^^^^^^^^^^^
  File "D:\Persistent System\venv\Lib\site-packages\langgraph\pregel\main.py", line 3928, in invoke
    for chunk in self.stream(
  File "D:\Persistent System\venv\Lib\site-packages\langgraph\pregel\main.py", line 2982, in stream
    for _ in runner.tick(
  File "D:\Persistent System\venv\Lib\site-packages\langgraph\pregel\_runner.py", line 207, in tick
    run_with_retry(
  File "D:\Persistent System\venv\Lib\site-packages\langgraph\pregel\_retry.py", line 617, in run_with_retry
    return task.proc.invoke(task.input, config)
           ^^^^^^^^^^^^^^^^^^^^^^^^^^^^^^^^^^^^
  File "D:\Persistent System\venv\Lib\site-packages\langgraph\_internal\_runnable.py", line 684, in invoke
    input = context.run(step.invoke, input, config, **kwargs)
            ^^^^^^^^^^^^^^^^^^^^^^^^^^^^^^^^^^^^^^^^^^^^^^^^^
  File "D:\Persistent System\venv\Lib\site-packages\langgraph\_internal\_runnable.py", line 426, in invoke
    ret = self.func(*args, **kwargs)
          ^^^^^^^^^^^^^^^^^^^^^^^^^^
  File "D:\Persistent System\agent\graph.py", line 86, in supervisor_node
    response = llm_with_tools.invoke(
               ^^^^^^^^^^^^^^^^^^^^^^
  File "D:\Persistent System\venv\Lib\site-packages\langchain_core\runnables\base.py", line 6004, in invoke
    return self.bound.invoke(
           ^^^^^^^^^^^^^^^^^^
  File "D:\Persistent System\venv\Lib\site-packages\langchain_core\language_models\chat_models.py", line 476, in invoke
    self.generate_prompt(
  File "D:\Persistent System\venv\Lib\site-packages\langchain_core\language_models\chat_models.py", line 1849, in generate_prompt
    return self.generate(prompt_messages, stop=stop, callbacks=callbacks, **kwargs)
           ^^^^^^^^^^^^^^^^^^^^^^^^^^^^^^^^^^^^^^^^^^^^^^^^^^^^^^^^^^^^^^^^^^^^^^^^
  File "D:\Persistent System\venv\Lib\site-packages\langchain_core\language_models\chat_models.py", line 1656, in generate
    self._generate_with_cache(
  File "D:\Persistent System\venv\Lib\site-packages\langchain_core\language_models\chat_models.py", line 1994, in _generate_with_cache
    result = self._generate(
             ^^^^^^^^^^^^^^^
  File "D:\Persistent System\venv\Lib\site-packages\langchain_groq\chat_models.py", line 627, in _generate
    response = self.client.create(messages=message_dicts, **params)
               ^^^^^^^^^^^^^^^^^^^^^^^^^^^^^^^^^^^^^^^^^^^^^^^^^^^^
  File "D:\Persistent System\venv\Lib\site-packages\groq\resources\chat\completions.py", line 461, in create
    return self._post(
           ^^^^^^^^^^^
  File "D:\Persistent System\venv\Lib\site-packages\groq\_base_client.py", line 1242, in post
    return cast(ResponseT, self.request(cast_to, opts, stream=stream, stream_cls=stream_cls))
                           ^^^^^^^^^^^^^^^^^^^^^^^^^^^^^^^^^^^^^^^^^^^^^^^^^^^^^^^^^^^^^^^^^
  File "D:\Persistent System\venv\Lib\site-packages\groq\_base_client.py", line 1044, in request
    raise self._make_status_error_from_response(err.response) from None
groq.RateLimitError: Error code: 429 - {'error': {'message': 'Rate limit reached for model `llama-3.3-70b-versatile` in organization `org_01ktkp89fkermb3z74hnp2tymf` service tier `on_demand` on tokens per day (TPD): Limit 100000, Used 99896, Requested 808. Please try again in 10m8.256s. Need more tokens? Upgrade to Dev Tier today at https://console.groq.com/settings/billing', 'type': 'tokens', 'code': 'rate_limit_exceeded'}}
During task with name 'supervisor' and id '311b70f4-2304-bea4-5c33-886ee7f44f5a'
2026-07-08 15:15:44,377 | ERROR | Resolution generation failed : INC1450038
Traceback (most recent call last):
  File "D:\Persistent System\ticket_api.py", line 286, in generate_resolution
    result = await resolve_issue(ticket["issue_description"])
             ^^^^^^^^^^^^^^^^^^^^^^^^^^^^^^^^^^^^^^^^^^^^^^^^
  File "D:\Persistent System\inference.py", line 52, in resolve_issue
    result = await asyncio.to_thread(
             ^^^^^^^^^^^^^^^^^^^^^^^^
  File "C:\Users\swast\AppData\Local\Programs\Python\Python311\Lib\asyncio\threads.py", line 25, in to_thread
    return await loop.run_in_executor(None, func_call)
           ^^^^^^^^^^^^^^^^^^^^^^^^^^^^^^^^^^^^^^^^^^^
  File "C:\Users\swast\AppData\Local\Programs\Python\Python311\Lib\concurrent\futures\thread.py", line 58, in run
    result = self.fn(*self.args, **self.kwargs)
             ^^^^^^^^^^^^^^^^^^^^^^^^^^^^^^^^^^
  File "D:\Persistent System\venv\Lib\site-packages\langgraph\pregel\main.py", line 3928, in invoke
    for chunk in self.stream(
  File "D:\Persistent System\venv\Lib\site-packages\langgraph\pregel\main.py", line 2982, in stream
    for _ in runner.tick(
  File "D:\Persistent System\venv\Lib\site-packages\langgraph\pregel\_runner.py", line 207, in tick
    run_with_retry(
  File "D:\Persistent System\venv\Lib\site-packages\langgraph\pregel\_retry.py", line 617, in run_with_retry
    return task.proc.invoke(task.input, config)
           ^^^^^^^^^^^^^^^^^^^^^^^^^^^^^^^^^^^^
  File "D:\Persistent System\venv\Lib\site-packages\langgraph\_internal\_runnable.py", line 684, in invoke
    input = context.run(step.invoke, input, config, **kwargs)
            ^^^^^^^^^^^^^^^^^^^^^^^^^^^^^^^^^^^^^^^^^^^^^^^^^
  File "D:\Persistent System\venv\Lib\site-packages\langgraph\_internal\_runnable.py", line 426, in invoke
    ret = self.func(*args, **kwargs)
          ^^^^^^^^^^^^^^^^^^^^^^^^^^
  File "D:\Persistent System\agent\graph.py", line 86, in supervisor_node
    response = llm_with_tools.invoke(
               ^^^^^^^^^^^^^^^^^^^^^^
  File "D:\Persistent System\venv\Lib\site-packages\langchain_core\runnables\base.py", line 6004, in invoke
    return self.bound.invoke(
           ^^^^^^^^^^^^^^^^^^
  File "D:\Persistent System\venv\Lib\site-packages\langchain_core\language_models\chat_models.py", line 476, in invoke
    self.generate_prompt(
  File "D:\Persistent System\venv\Lib\site-packages\langchain_core\language_models\chat_models.py", line 1849, in generate_prompt
    return self.generate(prompt_messages, stop=stop, callbacks=callbacks, **kwargs)
           ^^^^^^^^^^^^^^^^^^^^^^^^^^^^^^^^^^^^^^^^^^^^^^^^^^^^^^^^^^^^^^^^^^^^^^^^
  File "D:\Persistent System\venv\Lib\site-packages\langchain_core\language_models\chat_models.py", line 1656, in generate
    self._generate_with_cache(
  File "D:\Persistent System\venv\Lib\site-packages\langchain_core\language_models\chat_models.py", line 1994, in _generate_with_cache
    result = self._generate(
             ^^^^^^^^^^^^^^^
  File "D:\Persistent System\venv\Lib\site-packages\langchain_groq\chat_models.py", line 627, in _generate
    response = self.client.create(messages=message_dicts, **params)
               ^^^^^^^^^^^^^^^^^^^^^^^^^^^^^^^^^^^^^^^^^^^^^^^^^^^^
  File "D:\Persistent System\venv\Lib\site-packages\groq\resources\chat\completions.py", line 461, in create
    return self._post(
           ^^^^^^^^^^^
  File "D:\Persistent System\venv\Lib\site-packages\groq\_base_client.py", line 1242, in post
    return cast(ResponseT, self.request(cast_to, opts, stream=stream, stream_cls=stream_cls))
                           ^^^^^^^^^^^^^^^^^^^^^^^^^^^^^^^^^^^^^^^^^^^^^^^^^^^^^^^^^^^^^^^^^
  File "D:\Persistent System\venv\Lib\site-packages\groq\_base_client.py", line 1044, in request
    raise self._make_status_error_from_response(err.response) from None
groq.RateLimitError: Error code: 429 - {'error': {'message': 'Rate limit reached for model `llama-3.3-70b-versatile` in organization `org_01ktkp89fkermb3z74hnp2tymf` service tier `on_demand` on tokens per day (TPD): Limit 100000, Used 99896, Requested 808. Please try again in 10m8.256s. Need more tokens? Upgrade to Dev Tier today at https://console.groq.com/settings/billing', 'type': 'tokens', 'code': 'rate_limit_exceeded'}}
During task with name 'supervisor' and id '311b70f4-2304-bea4-5c33-886ee7f44f5a'
2026-07-08 15:15:44,380 | ERROR | POST request failed : /ticket/INC1450038/generate-resolution
Traceback (most recent call last):
  File "D:\Persistent System\advocate_dashboard.py", line 71, in api_post
    response.raise_for_status()
  File "D:\Persistent System\venv\Lib\site-packages\requests\models.py", line 1167, in raise_for_status
    raise HTTPError(http_error_msg, response=self)
requests.exceptions.HTTPError: 500 Server Error: Internal Server Error for url: http://127.0.0.1:8001/ticket/INC1450038/generate-resolution
2026-07-08 15:15:44,381 | ERROR | Resolution generation failed : INC1450038
Traceback (most recent call last):
  File "D:\Persistent System\advocate_dashboard.py", line 620, in render_ticket
    result = api_post(
             ^^^^^^^^^
  File "D:\Persistent System\advocate_dashboard.py", line 71, in api_post
    response.raise_for_status()
  File "D:\Persistent System\venv\Lib\site-packages\requests\models.py", line 1167, in raise_for_status
    raise HTTPError(http_error_msg, response=self)
requests.exceptions.HTTPError: 500 Server Error: Internal Server Error for url: http://127.0.0.1:8001/ticket/INC1450038/generate-resolution
2026-07-08 15:15:46,470 | ERROR | Autonomous agent execution failed.
Traceback (most recent call last):
  File "D:\Persistent System\inference.py", line 52, in resolve_issue
    result = await asyncio.to_thread(
             ^^^^^^^^^^^^^^^^^^^^^^^^
  File "C:\Users\swast\AppData\Local\Programs\Python\Python311\Lib\asyncio\threads.py", line 25, in to_thread
    return await loop.run_in_executor(None, func_call)
           ^^^^^^^^^^^^^^^^^^^^^^^^^^^^^^^^^^^^^^^^^^^
  File "C:\Users\swast\AppData\Local\Programs\Python\Python311\Lib\concurrent\futures\thread.py", line 58, in run
    result = self.fn(*self.args, **self.kwargs)
             ^^^^^^^^^^^^^^^^^^^^^^^^^^^^^^^^^^
  File "D:\Persistent System\venv\Lib\site-packages\langgraph\pregel\main.py", line 3928, in invoke
    for chunk in self.stream(
  File "D:\Persistent System\venv\Lib\site-packages\langgraph\pregel\main.py", line 2982, in stream
    for _ in runner.tick(
  File "D:\Persistent System\venv\Lib\site-packages\langgraph\pregel\_runner.py", line 207, in tick
    run_with_retry(
  File "D:\Persistent System\venv\Lib\site-packages\langgraph\pregel\_retry.py", line 617, in run_with_retry
    return task.proc.invoke(task.input, config)
           ^^^^^^^^^^^^^^^^^^^^^^^^^^^^^^^^^^^^
  File "D:\Persistent System\venv\Lib\site-packages\langgraph\_internal\_runnable.py", line 684, in invoke
    input = context.run(step.invoke, input, config, **kwargs)
            ^^^^^^^^^^^^^^^^^^^^^^^^^^^^^^^^^^^^^^^^^^^^^^^^^
  File "D:\Persistent System\venv\Lib\site-packages\langgraph\_internal\_runnable.py", line 426, in invoke
    ret = self.func(*args, **kwargs)
          ^^^^^^^^^^^^^^^^^^^^^^^^^^
  File "D:\Persistent System\agent\graph.py", line 86, in supervisor_node
    response = llm_with_tools.invoke(
               ^^^^^^^^^^^^^^^^^^^^^^
  File "D:\Persistent System\venv\Lib\site-packages\langchain_core\runnables\base.py", line 6004, in invoke
    return self.bound.invoke(
           ^^^^^^^^^^^^^^^^^^
  File "D:\Persistent System\venv\Lib\site-packages\langchain_core\language_models\chat_models.py", line 476, in invoke
    self.generate_prompt(
  File "D:\Persistent System\venv\Lib\site-packages\langchain_core\language_models\chat_models.py", line 1849, in generate_prompt
    return self.generate(prompt_messages, stop=stop, callbacks=callbacks, **kwargs)
           ^^^^^^^^^^^^^^^^^^^^^^^^^^^^^^^^^^^^^^^^^^^^^^^^^^^^^^^^^^^^^^^^^^^^^^^^
  File "D:\Persistent System\venv\Lib\site-packages\langchain_core\language_models\chat_models.py", line 1656, in generate
    self._generate_with_cache(
  File "D:\Persistent System\venv\Lib\site-packages\langchain_core\language_models\chat_models.py", line 1994, in _generate_with_cache
    result = self._generate(
             ^^^^^^^^^^^^^^^
  File "D:\Persistent System\venv\Lib\site-packages\langchain_groq\chat_models.py", line 627, in _generate
    response = self.client.create(messages=message_dicts, **params)
               ^^^^^^^^^^^^^^^^^^^^^^^^^^^^^^^^^^^^^^^^^^^^^^^^^^^^
  File "D:\Persistent System\venv\Lib\site-packages\groq\resources\chat\completions.py", line 461, in create
    return self._post(
           ^^^^^^^^^^^
  File "D:\Persistent System\venv\Lib\site-packages\groq\_base_client.py", line 1242, in post
    return cast(ResponseT, self.request(cast_to, opts, stream=stream, stream_cls=stream_cls))
                           ^^^^^^^^^^^^^^^^^^^^^^^^^^^^^^^^^^^^^^^^^^^^^^^^^^^^^^^^^^^^^^^^^
  File "D:\Persistent System\venv\Lib\site-packages\groq\_base_client.py", line 1044, in request
    raise self._make_status_error_from_response(err.response) from None
groq.RateLimitError: Error code: 429 - {'error': {'message': 'Rate limit reached for model `llama-3.3-70b-versatile` in organization `org_01ktkp89fkermb3z74hnp2tymf` service tier `on_demand` on tokens per day (TPD): Limit 100000, Used 99894, Requested 655. Please try again in 7m54.336s. Need more tokens? Upgrade to Dev Tier today at https://console.groq.com/settings/billing', 'type': 'tokens', 'code': 'rate_limit_exceeded'}}
During task with name 'supervisor' and id 'e2382876-aeec-f7f9-9f9c-253c4f5fb44c'
2026-07-08 15:15:46,470 | ERROR | Resolution generation failed : INC1450038
Traceback (most recent call last):
  File "D:\Persistent System\ticket_api.py", line 286, in generate_resolution
    result = await resolve_issue(ticket["issue_description"])
             ^^^^^^^^^^^^^^^^^^^^^^^^^^^^^^^^^^^^^^^^^^^^^^^^
  File "D:\Persistent System\inference.py", line 52, in resolve_issue
    result = await asyncio.to_thread(
             ^^^^^^^^^^^^^^^^^^^^^^^^
  File "C:\Users\swast\AppData\Local\Programs\Python\Python311\Lib\asyncio\threads.py", line 25, in to_thread
    return await loop.run_in_executor(None, func_call)
           ^^^^^^^^^^^^^^^^^^^^^^^^^^^^^^^^^^^^^^^^^^^
  File "C:\Users\swast\AppData\Local\Programs\Python\Python311\Lib\concurrent\futures\thread.py", line 58, in run
    result = self.fn(*self.args, **self.kwargs)
             ^^^^^^^^^^^^^^^^^^^^^^^^^^^^^^^^^^
  File "D:\Persistent System\venv\Lib\site-packages\langgraph\pregel\main.py", line 3928, in invoke
    for chunk in self.stream(
  File "D:\Persistent System\venv\Lib\site-packages\langgraph\pregel\main.py", line 2982, in stream
    for _ in runner.tick(
  File "D:\Persistent System\venv\Lib\site-packages\langgraph\pregel\_runner.py", line 207, in tick
    run_with_retry(
  File "D:\Persistent System\venv\Lib\site-packages\langgraph\pregel\_retry.py", line 617, in run_with_retry
    return task.proc.invoke(task.input, config)
           ^^^^^^^^^^^^^^^^^^^^^^^^^^^^^^^^^^^^
  File "D:\Persistent System\venv\Lib\site-packages\langgraph\_internal\_runnable.py", line 684, in invoke
    input = context.run(step.invoke, input, config, **kwargs)
            ^^^^^^^^^^^^^^^^^^^^^^^^^^^^^^^^^^^^^^^^^^^^^^^^^
  File "D:\Persistent System\venv\Lib\site-packages\langgraph\_internal\_runnable.py", line 426, in invoke
    ret = self.func(*args, **kwargs)
          ^^^^^^^^^^^^^^^^^^^^^^^^^^
  File "D:\Persistent System\agent\graph.py", line 86, in supervisor_node
    response = llm_with_tools.invoke(
               ^^^^^^^^^^^^^^^^^^^^^^
  File "D:\Persistent System\venv\Lib\site-packages\langchain_core\runnables\base.py", line 6004, in invoke
    return self.bound.invoke(
           ^^^^^^^^^^^^^^^^^^
  File "D:\Persistent System\venv\Lib\site-packages\langchain_core\language_models\chat_models.py", line 476, in invoke
    self.generate_prompt(
  File "D:\Persistent System\venv\Lib\site-packages\langchain_core\language_models\chat_models.py", line 1849, in generate_prompt
    return self.generate(prompt_messages, stop=stop, callbacks=callbacks, **kwargs)
           ^^^^^^^^^^^^^^^^^^^^^^^^^^^^^^^^^^^^^^^^^^^^^^^^^^^^^^^^^^^^^^^^^^^^^^^^
  File "D:\Persistent System\venv\Lib\site-packages\langchain_core\language_models\chat_models.py", line 1656, in generate
    self._generate_with_cache(
  File "D:\Persistent System\venv\Lib\site-packages\langchain_core\language_models\chat_models.py", line 1994, in _generate_with_cache
    result = self._generate(
             ^^^^^^^^^^^^^^^
  File "D:\Persistent System\venv\Lib\site-packages\langchain_groq\chat_models.py", line 627, in _generate
    response = self.client.create(messages=message_dicts, **params)
               ^^^^^^^^^^^^^^^^^^^^^^^^^^^^^^^^^^^^^^^^^^^^^^^^^^^^
  File "D:\Persistent System\venv\Lib\site-packages\groq\resources\chat\completions.py", line 461, in create
    return self._post(
           ^^^^^^^^^^^
  File "D:\Persistent System\venv\Lib\site-packages\groq\_base_client.py", line 1242, in post
    return cast(ResponseT, self.request(cast_to, opts, stream=stream, stream_cls=stream_cls))
                           ^^^^^^^^^^^^^^^^^^^^^^^^^^^^^^^^^^^^^^^^^^^^^^^^^^^^^^^^^^^^^^^^^
  File "D:\Persistent System\venv\Lib\site-packages\groq\_base_client.py", line 1044, in request
    raise self._make_status_error_from_response(err.response) from None
groq.RateLimitError: Error code: 429 - {'error': {'message': 'Rate limit reached for model `llama-3.3-70b-versatile` in organization `org_01ktkp89fkermb3z74hnp2tymf` service tier `on_demand` on tokens per day (TPD): Limit 100000, Used 99894, Requested 655. Please try again in 7m54.336s. Need more tokens? Upgrade to Dev Tier today at https://console.groq.com/settings/billing', 'type': 'tokens', 'code': 'rate_limit_exceeded'}}
During task with name 'supervisor' and id 'e2382876-aeec-f7f9-9f9c-253c4f5fb44c'
2026-07-08 15:15:46,470 | ERROR | POST request failed : /ticket/INC1450038/generate-resolution
Traceback (most recent call last):
  File "D:\Persistent System\advocate_dashboard.py", line 71, in api_post
    response.raise_for_status()
  File "D:\Persistent System\venv\Lib\site-packages\requests\models.py", line 1167, in raise_for_status
    raise HTTPError(http_error_msg, response=self)
requests.exceptions.HTTPError: 500 Server Error: Internal Server Error for url: http://127.0.0.1:8001/ticket/INC1450038/generate-resolution
2026-07-08 15:15:46,486 | ERROR | Resolution generation failed : INC1450038
Traceback (most recent call last):
  File "D:\Persistent System\advocate_dashboard.py", line 620, in render_ticket
    result = api_post(
             ^^^^^^^^^
  File "D:\Persistent System\advocate_dashboard.py", line 71, in api_post
    response.raise_for_status()
  File "D:\Persistent System\venv\Lib\site-packages\requests\models.py", line 1167, in raise_for_status
    raise HTTPError(http_error_msg, response=self)
requests.exceptions.HTTPError: 500 Server Error: Internal Server Error for url: http://127.0.0.1:8001/ticket/INC1450038/generate-resolution
2026-07-08 15:18:34,486 | ERROR | Autonomous agent execution failed.
Traceback (most recent call last):
  File "D:\Persistent System\inference.py", line 52, in resolve_issue
    result = await asyncio.to_thread(
             ^^^^^^^^^^^^^^^^^^^^^^^^
  File "C:\Users\swast\AppData\Local\Programs\Python\Python311\Lib\asyncio\threads.py", line 25, in to_thread
    return await loop.run_in_executor(None, func_call)
           ^^^^^^^^^^^^^^^^^^^^^^^^^^^^^^^^^^^^^^^^^^^
  File "C:\Users\swast\AppData\Local\Programs\Python\Python311\Lib\concurrent\futures\thread.py", line 58, in run
    result = self.fn(*self.args, **self.kwargs)
             ^^^^^^^^^^^^^^^^^^^^^^^^^^^^^^^^^^
  File "D:\Persistent System\venv\Lib\site-packages\langgraph\pregel\main.py", line 3928, in invoke
    for chunk in self.stream(
  File "D:\Persistent System\venv\Lib\site-packages\langgraph\pregel\main.py", line 2982, in stream
    for _ in runner.tick(
  File "D:\Persistent System\venv\Lib\site-packages\langgraph\pregel\_runner.py", line 207, in tick
    run_with_retry(
  File "D:\Persistent System\venv\Lib\site-packages\langgraph\pregel\_retry.py", line 617, in run_with_retry
    return task.proc.invoke(task.input, config)
           ^^^^^^^^^^^^^^^^^^^^^^^^^^^^^^^^^^^^
  File "D:\Persistent System\venv\Lib\site-packages\langgraph\_internal\_runnable.py", line 684, in invoke
    input = context.run(step.invoke, input, config, **kwargs)
            ^^^^^^^^^^^^^^^^^^^^^^^^^^^^^^^^^^^^^^^^^^^^^^^^^
  File "D:\Persistent System\venv\Lib\site-packages\langgraph\_internal\_runnable.py", line 426, in invoke
    ret = self.func(*args, **kwargs)
          ^^^^^^^^^^^^^^^^^^^^^^^^^^
  File "D:\Persistent System\agent\graph.py", line 86, in supervisor_node
    response = llm_with_tools.invoke(
               ^^^^^^^^^^^^^^^^^^^^^^
  File "D:\Persistent System\venv\Lib\site-packages\langchain_core\runnables\base.py", line 6004, in invoke
    return self.bound.invoke(
           ^^^^^^^^^^^^^^^^^^
  File "D:\Persistent System\venv\Lib\site-packages\langchain_core\language_models\chat_models.py", line 476, in invoke
    self.generate_prompt(
  File "D:\Persistent System\venv\Lib\site-packages\langchain_core\language_models\chat_models.py", line 1849, in generate_prompt
    return self.generate(prompt_messages, stop=stop, callbacks=callbacks, **kwargs)
           ^^^^^^^^^^^^^^^^^^^^^^^^^^^^^^^^^^^^^^^^^^^^^^^^^^^^^^^^^^^^^^^^^^^^^^^^
  File "D:\Persistent System\venv\Lib\site-packages\langchain_core\language_models\chat_models.py", line 1656, in generate
    self._generate_with_cache(
  File "D:\Persistent System\venv\Lib\site-packages\langchain_core\language_models\chat_models.py", line 1994, in _generate_with_cache
    result = self._generate(
             ^^^^^^^^^^^^^^^
  File "D:\Persistent System\venv\Lib\site-packages\langchain_groq\chat_models.py", line 627, in _generate
    response = self.client.create(messages=message_dicts, **params)
               ^^^^^^^^^^^^^^^^^^^^^^^^^^^^^^^^^^^^^^^^^^^^^^^^^^^^
  File "D:\Persistent System\venv\Lib\site-packages\groq\resources\chat\completions.py", line 461, in create
    return self._post(
           ^^^^^^^^^^^
  File "D:\Persistent System\venv\Lib\site-packages\groq\_base_client.py", line 1242, in post
    return cast(ResponseT, self.request(cast_to, opts, stream=stream, stream_cls=stream_cls))
                           ^^^^^^^^^^^^^^^^^^^^^^^^^^^^^^^^^^^^^^^^^^^^^^^^^^^^^^^^^^^^^^^^^
  File "D:\Persistent System\venv\Lib\site-packages\groq\_base_client.py", line 1044, in request
    raise self._make_status_error_from_response(err.response) from None
groq.RateLimitError: Error code: 429 - {'error': {'message': 'Rate limit reached for model `llama-3.3-70b-versatile` in organization `org_01ktkp89fkermb3z74hnp2tymf` service tier `on_demand` on tokens per day (TPD): Limit 100000, Used 99700, Requested 691. Please try again in 5m37.824s. Need more tokens? Upgrade to Dev Tier today at https://console.groq.com/settings/billing', 'type': 'tokens', 'code': 'rate_limit_exceeded'}}
During task with name 'supervisor' and id '546932d5-d261-982f-80d4-6a71a003a908'
2026-07-08 15:18:34,490 | ERROR | Resolution generation failed : INC3589751
Traceback (most recent call last):
  File "D:\Persistent System\ticket_api.py", line 286, in generate_resolution
    result = await resolve_issue(ticket["issue_description"])
             ^^^^^^^^^^^^^^^^^^^^^^^^^^^^^^^^^^^^^^^^^^^^^^^^
  File "D:\Persistent System\inference.py", line 52, in resolve_issue
    result = await asyncio.to_thread(
             ^^^^^^^^^^^^^^^^^^^^^^^^
  File "C:\Users\swast\AppData\Local\Programs\Python\Python311\Lib\asyncio\threads.py", line 25, in to_thread
    return await loop.run_in_executor(None, func_call)
           ^^^^^^^^^^^^^^^^^^^^^^^^^^^^^^^^^^^^^^^^^^^
  File "C:\Users\swast\AppData\Local\Programs\Python\Python311\Lib\concurrent\futures\thread.py", line 58, in run
    result = self.fn(*self.args, **self.kwargs)
             ^^^^^^^^^^^^^^^^^^^^^^^^^^^^^^^^^^
  File "D:\Persistent System\venv\Lib\site-packages\langgraph\pregel\main.py", line 3928, in invoke
    for chunk in self.stream(
  File "D:\Persistent System\venv\Lib\site-packages\langgraph\pregel\main.py", line 2982, in stream
    for _ in runner.tick(
  File "D:\Persistent System\venv\Lib\site-packages\langgraph\pregel\_runner.py", line 207, in tick
    run_with_retry(
  File "D:\Persistent System\venv\Lib\site-packages\langgraph\pregel\_retry.py", line 617, in run_with_retry
    return task.proc.invoke(task.input, config)
           ^^^^^^^^^^^^^^^^^^^^^^^^^^^^^^^^^^^^
  File "D:\Persistent System\venv\Lib\site-packages\langgraph\_internal\_runnable.py", line 684, in invoke
    input = context.run(step.invoke, input, config, **kwargs)
            ^^^^^^^^^^^^^^^^^^^^^^^^^^^^^^^^^^^^^^^^^^^^^^^^^
  File "D:\Persistent System\venv\Lib\site-packages\langgraph\_internal\_runnable.py", line 426, in invoke
    ret = self.func(*args, **kwargs)
          ^^^^^^^^^^^^^^^^^^^^^^^^^^
  File "D:\Persistent System\agent\graph.py", line 86, in supervisor_node
    response = llm_with_tools.invoke(
               ^^^^^^^^^^^^^^^^^^^^^^
  File "D:\Persistent System\venv\Lib\site-packages\langchain_core\runnables\base.py", line 6004, in invoke
    return self.bound.invoke(
           ^^^^^^^^^^^^^^^^^^
  File "D:\Persistent System\venv\Lib\site-packages\langchain_core\language_models\chat_models.py", line 476, in invoke
    self.generate_prompt(
  File "D:\Persistent System\venv\Lib\site-packages\langchain_core\language_models\chat_models.py", line 1849, in generate_prompt
    return self.generate(prompt_messages, stop=stop, callbacks=callbacks, **kwargs)
           ^^^^^^^^^^^^^^^^^^^^^^^^^^^^^^^^^^^^^^^^^^^^^^^^^^^^^^^^^^^^^^^^^^^^^^^^
  File "D:\Persistent System\venv\Lib\site-packages\langchain_core\language_models\chat_models.py", line 1656, in generate
    self._generate_with_cache(
  File "D:\Persistent System\venv\Lib\site-packages\langchain_core\language_models\chat_models.py", line 1994, in _generate_with_cache
    result = self._generate(
             ^^^^^^^^^^^^^^^
  File "D:\Persistent System\venv\Lib\site-packages\langchain_groq\chat_models.py", line 627, in _generate
    response = self.client.create(messages=message_dicts, **params)
               ^^^^^^^^^^^^^^^^^^^^^^^^^^^^^^^^^^^^^^^^^^^^^^^^^^^^
  File "D:\Persistent System\venv\Lib\site-packages\groq\resources\chat\completions.py", line 461, in create
    return self._post(
           ^^^^^^^^^^^
  File "D:\Persistent System\venv\Lib\site-packages\groq\_base_client.py", line 1242, in post
    return cast(ResponseT, self.request(cast_to, opts, stream=stream, stream_cls=stream_cls))
                           ^^^^^^^^^^^^^^^^^^^^^^^^^^^^^^^^^^^^^^^^^^^^^^^^^^^^^^^^^^^^^^^^^
  File "D:\Persistent System\venv\Lib\site-packages\groq\_base_client.py", line 1044, in request
    raise self._make_status_error_from_response(err.response) from None
groq.RateLimitError: Error code: 429 - {'error': {'message': 'Rate limit reached for model `llama-3.3-70b-versatile` in organization `org_01ktkp89fkermb3z74hnp2tymf` service tier `on_demand` on tokens per day (TPD): Limit 100000, Used 99700, Requested 691. Please try again in 5m37.824s. Need more tokens? Upgrade to Dev Tier today at https://console.groq.com/settings/billing', 'type': 'tokens', 'code': 'rate_limit_exceeded'}}
During task with name 'supervisor' and id '546932d5-d261-982f-80d4-6a71a003a908'
2026-07-08 15:18:34,490 | ERROR | POST request failed : /ticket/INC3589751/generate-resolution
Traceback (most recent call last):
  File "D:\Persistent System\advocate_dashboard.py", line 71, in api_post
    response.raise_for_status()
  File "C:\Users\swast\AppData\Local\Programs\Python\Python311\Lib\site-packages\requests\models.py", line 1026, in raise_for_status
    raise HTTPError(http_error_msg, response=self)
requests.exceptions.HTTPError: 500 Server Error: Internal Server Error for url: http://127.0.0.1:8001/ticket/INC3589751/generate-resolution
2026-07-08 15:18:34,515 | ERROR | Resolution generation failed : INC3589751
Traceback (most recent call last):
  File "D:\Persistent System\advocate_dashboard.py", line 620, in render_ticket
    result = api_post(
             ^^^^^^^^^
  File "D:\Persistent System\advocate_dashboard.py", line 71, in api_post
    response.raise_for_status()
  File "C:\Users\swast\AppData\Local\Programs\Python\Python311\Lib\site-packages\requests\models.py", line 1026, in raise_for_status
    raise HTTPError(http_error_msg, response=self)
requests.exceptions.HTTPError: 500 Server Error: Internal Server Error for url: http://127.0.0.1:8001/ticket/INC3589751/generate-resolution
2026-07-08 15:18:38,761 | ERROR | Autonomous agent execution failed.
Traceback (most recent call last):
  File "D:\Persistent System\inference.py", line 52, in resolve_issue
    result = await asyncio.to_thread(
             ^^^^^^^^^^^^^^^^^^^^^^^^
  File "C:\Users\swast\AppData\Local\Programs\Python\Python311\Lib\asyncio\threads.py", line 25, in to_thread
    return await loop.run_in_executor(None, func_call)
           ^^^^^^^^^^^^^^^^^^^^^^^^^^^^^^^^^^^^^^^^^^^
  File "C:\Users\swast\AppData\Local\Programs\Python\Python311\Lib\concurrent\futures\thread.py", line 58, in run
    result = self.fn(*self.args, **self.kwargs)
             ^^^^^^^^^^^^^^^^^^^^^^^^^^^^^^^^^^
  File "D:\Persistent System\venv\Lib\site-packages\langgraph\pregel\main.py", line 3928, in invoke
    for chunk in self.stream(
  File "D:\Persistent System\venv\Lib\site-packages\langgraph\pregel\main.py", line 2982, in stream
    for _ in runner.tick(
  File "D:\Persistent System\venv\Lib\site-packages\langgraph\pregel\_runner.py", line 207, in tick
    run_with_retry(
  File "D:\Persistent System\venv\Lib\site-packages\langgraph\pregel\_retry.py", line 617, in run_with_retry
    return task.proc.invoke(task.input, config)
           ^^^^^^^^^^^^^^^^^^^^^^^^^^^^^^^^^^^^
  File "D:\Persistent System\venv\Lib\site-packages\langgraph\_internal\_runnable.py", line 684, in invoke
    input = context.run(step.invoke, input, config, **kwargs)
            ^^^^^^^^^^^^^^^^^^^^^^^^^^^^^^^^^^^^^^^^^^^^^^^^^
  File "D:\Persistent System\venv\Lib\site-packages\langgraph\_internal\_runnable.py", line 426, in invoke
    ret = self.func(*args, **kwargs)
          ^^^^^^^^^^^^^^^^^^^^^^^^^^
  File "D:\Persistent System\agent\graph.py", line 86, in supervisor_node
    response = llm_with_tools.invoke(
               ^^^^^^^^^^^^^^^^^^^^^^
  File "D:\Persistent System\venv\Lib\site-packages\langchain_core\runnables\base.py", line 6004, in invoke
    return self.bound.invoke(
           ^^^^^^^^^^^^^^^^^^
  File "D:\Persistent System\venv\Lib\site-packages\langchain_core\language_models\chat_models.py", line 476, in invoke
    self.generate_prompt(
  File "D:\Persistent System\venv\Lib\site-packages\langchain_core\language_models\chat_models.py", line 1849, in generate_prompt
    return self.generate(prompt_messages, stop=stop, callbacks=callbacks, **kwargs)
           ^^^^^^^^^^^^^^^^^^^^^^^^^^^^^^^^^^^^^^^^^^^^^^^^^^^^^^^^^^^^^^^^^^^^^^^^
  File "D:\Persistent System\venv\Lib\site-packages\langchain_core\language_models\chat_models.py", line 1656, in generate
    self._generate_with_cache(
  File "D:\Persistent System\venv\Lib\site-packages\langchain_core\language_models\chat_models.py", line 1994, in _generate_with_cache
    result = self._generate(
             ^^^^^^^^^^^^^^^
  File "D:\Persistent System\venv\Lib\site-packages\langchain_groq\chat_models.py", line 627, in _generate
    response = self.client.create(messages=message_dicts, **params)
               ^^^^^^^^^^^^^^^^^^^^^^^^^^^^^^^^^^^^^^^^^^^^^^^^^^^^
  File "D:\Persistent System\venv\Lib\site-packages\groq\resources\chat\completions.py", line 461, in create
    return self._post(
           ^^^^^^^^^^^
  File "D:\Persistent System\venv\Lib\site-packages\groq\_base_client.py", line 1242, in post
    return cast(ResponseT, self.request(cast_to, opts, stream=stream, stream_cls=stream_cls))
                           ^^^^^^^^^^^^^^^^^^^^^^^^^^^^^^^^^^^^^^^^^^^^^^^^^^^^^^^^^^^^^^^^^
  File "D:\Persistent System\venv\Lib\site-packages\groq\_base_client.py", line 1044, in request
    raise self._make_status_error_from_response(err.response) from None
groq.RateLimitError: Error code: 429 - {'error': {'message': 'Rate limit reached for model `llama-3.3-70b-versatile` in organization `org_01ktkp89fkermb3z74hnp2tymf` service tier `on_demand` on tokens per day (TPD): Limit 100000, Used 99695, Requested 708. Please try again in 5m48.191999999s. Need more tokens? Upgrade to Dev Tier today at https://console.groq.com/settings/billing', 'type': 'tokens', 'code': 'rate_limit_exceeded'}}
During task with name 'supervisor' and id '6fe2a75d-2828-bd94-38af-43bbb0d8d336'
2026-07-08 15:18:38,761 | ERROR | Resolution generation failed : INC3589751
Traceback (most recent call last):
  File "D:\Persistent System\ticket_api.py", line 286, in generate_resolution
    result = await resolve_issue(ticket["issue_description"])
             ^^^^^^^^^^^^^^^^^^^^^^^^^^^^^^^^^^^^^^^^^^^^^^^^
  File "D:\Persistent System\inference.py", line 52, in resolve_issue
    result = await asyncio.to_thread(
             ^^^^^^^^^^^^^^^^^^^^^^^^
  File "C:\Users\swast\AppData\Local\Programs\Python\Python311\Lib\asyncio\threads.py", line 25, in to_thread
    return await loop.run_in_executor(None, func_call)
           ^^^^^^^^^^^^^^^^^^^^^^^^^^^^^^^^^^^^^^^^^^^
  File "C:\Users\swast\AppData\Local\Programs\Python\Python311\Lib\concurrent\futures\thread.py", line 58, in run
    result = self.fn(*self.args, **self.kwargs)
             ^^^^^^^^^^^^^^^^^^^^^^^^^^^^^^^^^^
  File "D:\Persistent System\venv\Lib\site-packages\langgraph\pregel\main.py", line 3928, in invoke
    for chunk in self.stream(
  File "D:\Persistent System\venv\Lib\site-packages\langgraph\pregel\main.py", line 2982, in stream
    for _ in runner.tick(
  File "D:\Persistent System\venv\Lib\site-packages\langgraph\pregel\_runner.py", line 207, in tick
    run_with_retry(
  File "D:\Persistent System\venv\Lib\site-packages\langgraph\pregel\_retry.py", line 617, in run_with_retry
    return task.proc.invoke(task.input, config)
           ^^^^^^^^^^^^^^^^^^^^^^^^^^^^^^^^^^^^
  File "D:\Persistent System\venv\Lib\site-packages\langgraph\_internal\_runnable.py", line 684, in invoke
    input = context.run(step.invoke, input, config, **kwargs)
            ^^^^^^^^^^^^^^^^^^^^^^^^^^^^^^^^^^^^^^^^^^^^^^^^^
  File "D:\Persistent System\venv\Lib\site-packages\langgraph\_internal\_runnable.py", line 426, in invoke
    ret = self.func(*args, **kwargs)
          ^^^^^^^^^^^^^^^^^^^^^^^^^^
  File "D:\Persistent System\agent\graph.py", line 86, in supervisor_node
    response = llm_with_tools.invoke(
               ^^^^^^^^^^^^^^^^^^^^^^
  File "D:\Persistent System\venv\Lib\site-packages\langchain_core\runnables\base.py", line 6004, in invoke
    return self.bound.invoke(
           ^^^^^^^^^^^^^^^^^^
  File "D:\Persistent System\venv\Lib\site-packages\langchain_core\language_models\chat_models.py", line 476, in invoke
    self.generate_prompt(
  File "D:\Persistent System\venv\Lib\site-packages\langchain_core\language_models\chat_models.py", line 1849, in generate_prompt
    return self.generate(prompt_messages, stop=stop, callbacks=callbacks, **kwargs)
           ^^^^^^^^^^^^^^^^^^^^^^^^^^^^^^^^^^^^^^^^^^^^^^^^^^^^^^^^^^^^^^^^^^^^^^^^
  File "D:\Persistent System\venv\Lib\site-packages\langchain_core\language_models\chat_models.py", line 1656, in generate
    self._generate_with_cache(
  File "D:\Persistent System\venv\Lib\site-packages\langchain_core\language_models\chat_models.py", line 1994, in _generate_with_cache
    result = self._generate(
             ^^^^^^^^^^^^^^^
  File "D:\Persistent System\venv\Lib\site-packages\langchain_groq\chat_models.py", line 627, in _generate
    response = self.client.create(messages=message_dicts, **params)
               ^^^^^^^^^^^^^^^^^^^^^^^^^^^^^^^^^^^^^^^^^^^^^^^^^^^^
  File "D:\Persistent System\venv\Lib\site-packages\groq\resources\chat\completions.py", line 461, in create
    return self._post(
           ^^^^^^^^^^^
  File "D:\Persistent System\venv\Lib\site-packages\groq\_base_client.py", line 1242, in post
    return cast(ResponseT, self.request(cast_to, opts, stream=stream, stream_cls=stream_cls))
                           ^^^^^^^^^^^^^^^^^^^^^^^^^^^^^^^^^^^^^^^^^^^^^^^^^^^^^^^^^^^^^^^^^
  File "D:\Persistent System\venv\Lib\site-packages\groq\_base_client.py", line 1044, in request
    raise self._make_status_error_from_response(err.response) from None
groq.RateLimitError: Error code: 429 - {'error': {'message': 'Rate limit reached for model `llama-3.3-70b-versatile` in organization `org_01ktkp89fkermb3z74hnp2tymf` service tier `on_demand` on tokens per day (TPD): Limit 100000, Used 99695, Requested 708. Please try again in 5m48.191999999s. Need more tokens? Upgrade to Dev Tier today at https://console.groq.com/settings/billing', 'type': 'tokens', 'code': 'rate_limit_exceeded'}}
During task with name 'supervisor' and id '6fe2a75d-2828-bd94-38af-43bbb0d8d336'
2026-07-08 15:18:38,761 | ERROR | POST request failed : /ticket/INC3589751/generate-resolution
Traceback (most recent call last):
  File "D:\Persistent System\advocate_dashboard.py", line 71, in api_post
    response.raise_for_status()
  File "C:\Users\swast\AppData\Local\Programs\Python\Python311\Lib\site-packages\requests\models.py", line 1026, in raise_for_status
    raise HTTPError(http_error_msg, response=self)
requests.exceptions.HTTPError: 500 Server Error: Internal Server Error for url: http://127.0.0.1:8001/ticket/INC3589751/generate-resolution
2026-07-08 15:18:38,768 | ERROR | Resolution generation failed : INC3589751
Traceback (most recent call last):
  File "D:\Persistent System\advocate_dashboard.py", line 620, in render_ticket
    result = api_post(
             ^^^^^^^^^
  File "D:\Persistent System\advocate_dashboard.py", line 71, in api_post
    response.raise_for_status()
  File "C:\Users\swast\AppData\Local\Programs\Python\Python311\Lib\site-packages\requests\models.py", line 1026, in raise_for_status
    raise HTTPError(http_error_msg, response=self)
requests.exceptions.HTTPError: 500 Server Error: Internal Server Error for url: http://127.0.0.1:8001/ticket/INC3589751/generate-resolution
2026-07-08 15:19:11,415 | ERROR | Autonomous agent execution failed.
Traceback (most recent call last):
  File "D:\Persistent System\inference.py", line 52, in resolve_issue
    result = await asyncio.to_thread(
             ^^^^^^^^^^^^^^^^^^^^^^^^
  File "C:\Users\swast\AppData\Local\Programs\Python\Python311\Lib\asyncio\threads.py", line 25, in to_thread
    return await loop.run_in_executor(None, func_call)
           ^^^^^^^^^^^^^^^^^^^^^^^^^^^^^^^^^^^^^^^^^^^
  File "C:\Users\swast\AppData\Local\Programs\Python\Python311\Lib\concurrent\futures\thread.py", line 58, in run
    result = self.fn(*self.args, **self.kwargs)
             ^^^^^^^^^^^^^^^^^^^^^^^^^^^^^^^^^^
  File "D:\Persistent System\venv\Lib\site-packages\langgraph\pregel\main.py", line 3928, in invoke
    for chunk in self.stream(
  File "D:\Persistent System\venv\Lib\site-packages\langgraph\pregel\main.py", line 2982, in stream
    for _ in runner.tick(
  File "D:\Persistent System\venv\Lib\site-packages\langgraph\pregel\_runner.py", line 207, in tick
    run_with_retry(
  File "D:\Persistent System\venv\Lib\site-packages\langgraph\pregel\_retry.py", line 617, in run_with_retry
    return task.proc.invoke(task.input, config)
           ^^^^^^^^^^^^^^^^^^^^^^^^^^^^^^^^^^^^
  File "D:\Persistent System\venv\Lib\site-packages\langgraph\_internal\_runnable.py", line 684, in invoke
    input = context.run(step.invoke, input, config, **kwargs)
            ^^^^^^^^^^^^^^^^^^^^^^^^^^^^^^^^^^^^^^^^^^^^^^^^^
  File "D:\Persistent System\venv\Lib\site-packages\langgraph\_internal\_runnable.py", line 426, in invoke
    ret = self.func(*args, **kwargs)
          ^^^^^^^^^^^^^^^^^^^^^^^^^^
  File "D:\Persistent System\agent\graph.py", line 86, in supervisor_node
    response = llm_with_tools.invoke(
               ^^^^^^^^^^^^^^^^^^^^^^
  File "D:\Persistent System\venv\Lib\site-packages\langchain_core\runnables\base.py", line 6004, in invoke
    return self.bound.invoke(
           ^^^^^^^^^^^^^^^^^^
  File "D:\Persistent System\venv\Lib\site-packages\langchain_core\language_models\chat_models.py", line 476, in invoke
    self.generate_prompt(
  File "D:\Persistent System\venv\Lib\site-packages\langchain_core\language_models\chat_models.py", line 1849, in generate_prompt
    return self.generate(prompt_messages, stop=stop, callbacks=callbacks, **kwargs)
           ^^^^^^^^^^^^^^^^^^^^^^^^^^^^^^^^^^^^^^^^^^^^^^^^^^^^^^^^^^^^^^^^^^^^^^^^
  File "D:\Persistent System\venv\Lib\site-packages\langchain_core\language_models\chat_models.py", line 1656, in generate
    self._generate_with_cache(
  File "D:\Persistent System\venv\Lib\site-packages\langchain_core\language_models\chat_models.py", line 1994, in _generate_with_cache
    result = self._generate(
             ^^^^^^^^^^^^^^^
  File "D:\Persistent System\venv\Lib\site-packages\langchain_groq\chat_models.py", line 627, in _generate
    response = self.client.create(messages=message_dicts, **params)
               ^^^^^^^^^^^^^^^^^^^^^^^^^^^^^^^^^^^^^^^^^^^^^^^^^^^^
  File "D:\Persistent System\venv\Lib\site-packages\groq\resources\chat\completions.py", line 461, in create
    return self._post(
           ^^^^^^^^^^^
  File "D:\Persistent System\venv\Lib\site-packages\groq\_base_client.py", line 1242, in post
    return cast(ResponseT, self.request(cast_to, opts, stream=stream, stream_cls=stream_cls))
                           ^^^^^^^^^^^^^^^^^^^^^^^^^^^^^^^^^^^^^^^^^^^^^^^^^^^^^^^^^^^^^^^^^
  File "D:\Persistent System\venv\Lib\site-packages\groq\_base_client.py", line 1044, in request
    raise self._make_status_error_from_response(err.response) from None
groq.RateLimitError: Error code: 429 - {'error': {'message': 'Rate limit reached for model `llama-3.3-70b-versatile` in organization `org_01ktkp89fkermb3z74hnp2tymf` service tier `on_demand` on tokens per day (TPD): Limit 100000, Used 99657, Requested 718. Please try again in 5m24s. Need more tokens? Upgrade to Dev Tier today at https://console.groq.com/settings/billing', 'type': 'tokens', 'code': 'rate_limit_exceeded'}}
During task with name 'supervisor' and id 'c8885a53-5fa1-2a05-8658-b20637f014a8'
2026-07-08 15:19:11,415 | ERROR | Resolution generation failed : INC8221845
Traceback (most recent call last):
  File "D:\Persistent System\ticket_api.py", line 286, in generate_resolution
    result = await resolve_issue(ticket["issue_description"])
             ^^^^^^^^^^^^^^^^^^^^^^^^^^^^^^^^^^^^^^^^^^^^^^^^
  File "D:\Persistent System\inference.py", line 52, in resolve_issue
    result = await asyncio.to_thread(
             ^^^^^^^^^^^^^^^^^^^^^^^^
  File "C:\Users\swast\AppData\Local\Programs\Python\Python311\Lib\asyncio\threads.py", line 25, in to_thread
    return await loop.run_in_executor(None, func_call)
           ^^^^^^^^^^^^^^^^^^^^^^^^^^^^^^^^^^^^^^^^^^^
  File "C:\Users\swast\AppData\Local\Programs\Python\Python311\Lib\concurrent\futures\thread.py", line 58, in run
    result = self.fn(*self.args, **self.kwargs)
             ^^^^^^^^^^^^^^^^^^^^^^^^^^^^^^^^^^
  File "D:\Persistent System\venv\Lib\site-packages\langgraph\pregel\main.py", line 3928, in invoke
    for chunk in self.stream(
  File "D:\Persistent System\venv\Lib\site-packages\langgraph\pregel\main.py", line 2982, in stream
    for _ in runner.tick(
  File "D:\Persistent System\venv\Lib\site-packages\langgraph\pregel\_runner.py", line 207, in tick
    run_with_retry(
  File "D:\Persistent System\venv\Lib\site-packages\langgraph\pregel\_retry.py", line 617, in run_with_retry
    return task.proc.invoke(task.input, config)
           ^^^^^^^^^^^^^^^^^^^^^^^^^^^^^^^^^^^^
  File "D:\Persistent System\venv\Lib\site-packages\langgraph\_internal\_runnable.py", line 684, in invoke
    input = context.run(step.invoke, input, config, **kwargs)
            ^^^^^^^^^^^^^^^^^^^^^^^^^^^^^^^^^^^^^^^^^^^^^^^^^
  File "D:\Persistent System\venv\Lib\site-packages\langgraph\_internal\_runnable.py", line 426, in invoke
    ret = self.func(*args, **kwargs)
          ^^^^^^^^^^^^^^^^^^^^^^^^^^
  File "D:\Persistent System\agent\graph.py", line 86, in supervisor_node
    response = llm_with_tools.invoke(
               ^^^^^^^^^^^^^^^^^^^^^^
  File "D:\Persistent System\venv\Lib\site-packages\langchain_core\runnables\base.py", line 6004, in invoke
    return self.bound.invoke(
           ^^^^^^^^^^^^^^^^^^
  File "D:\Persistent System\venv\Lib\site-packages\langchain_core\language_models\chat_models.py", line 476, in invoke
    self.generate_prompt(
  File "D:\Persistent System\venv\Lib\site-packages\langchain_core\language_models\chat_models.py", line 1849, in generate_prompt
    return self.generate(prompt_messages, stop=stop, callbacks=callbacks, **kwargs)
           ^^^^^^^^^^^^^^^^^^^^^^^^^^^^^^^^^^^^^^^^^^^^^^^^^^^^^^^^^^^^^^^^^^^^^^^^
  File "D:\Persistent System\venv\Lib\site-packages\langchain_core\language_models\chat_models.py", line 1656, in generate
    self._generate_with_cache(
  File "D:\Persistent System\venv\Lib\site-packages\langchain_core\language_models\chat_models.py", line 1994, in _generate_with_cache
    result = self._generate(
             ^^^^^^^^^^^^^^^
  File "D:\Persistent System\venv\Lib\site-packages\langchain_groq\chat_models.py", line 627, in _generate
    response = self.client.create(messages=message_dicts, **params)
               ^^^^^^^^^^^^^^^^^^^^^^^^^^^^^^^^^^^^^^^^^^^^^^^^^^^^
  File "D:\Persistent System\venv\Lib\site-packages\groq\resources\chat\completions.py", line 461, in create
    return self._post(
           ^^^^^^^^^^^
  File "D:\Persistent System\venv\Lib\site-packages\groq\_base_client.py", line 1242, in post
    return cast(ResponseT, self.request(cast_to, opts, stream=stream, stream_cls=stream_cls))
                           ^^^^^^^^^^^^^^^^^^^^^^^^^^^^^^^^^^^^^^^^^^^^^^^^^^^^^^^^^^^^^^^^^
  File "D:\Persistent System\venv\Lib\site-packages\groq\_base_client.py", line 1044, in request
    raise self._make_status_error_from_response(err.response) from None
groq.RateLimitError: Error code: 429 - {'error': {'message': 'Rate limit reached for model `llama-3.3-70b-versatile` in organization `org_01ktkp89fkermb3z74hnp2tymf` service tier `on_demand` on tokens per day (TPD): Limit 100000, Used 99657, Requested 718. Please try again in 5m24s. Need more tokens? Upgrade to Dev Tier today at https://console.groq.com/settings/billing', 'type': 'tokens', 'code': 'rate_limit_exceeded'}}
During task with name 'supervisor' and id 'c8885a53-5fa1-2a05-8658-b20637f014a8'
2026-07-08 15:19:11,421 | ERROR | POST request failed : /ticket/INC8221845/generate-resolution
Traceback (most recent call last):
  File "D:\Persistent System\advocate_dashboard.py", line 71, in api_post
    response.raise_for_status()
  File "C:\Users\swast\AppData\Local\Programs\Python\Python311\Lib\site-packages\requests\models.py", line 1026, in raise_for_status
    raise HTTPError(http_error_msg, response=self)
requests.exceptions.HTTPError: 500 Server Error: Internal Server Error for url: http://127.0.0.1:8001/ticket/INC8221845/generate-resolution
2026-07-08 15:19:11,422 | ERROR | Resolution generation failed : INC8221845
Traceback (most recent call last):
  File "D:\Persistent System\advocate_dashboard.py", line 620, in render_ticket
    result = api_post(
             ^^^^^^^^^
  File "D:\Persistent System\advocate_dashboard.py", line 71, in api_post
    response.raise_for_status()
  File "C:\Users\swast\AppData\Local\Programs\Python\Python311\Lib\site-packages\requests\models.py", line 1026, in raise_for_status
    raise HTTPError(http_error_msg, response=self)
requests.exceptions.HTTPError: 500 Server Error: Internal Server Error for url: http://127.0.0.1:8001/ticket/INC8221845/generate-resolution
2026-07-08 15:24:36,778 | ERROR | Retrieval failed
Traceback (most recent call last):
  File "D:\Persistent System\agent\retriever.py", line 8, in retrieve_context
    query_embedding = embedding_model.encode(issue_description).tolist()
                      ^^^^^^^^^^^^^^^
NameError: name 'embedding_model' is not defined
2026-07-08 15:24:36,836 | ERROR | Autonomous agent execution failed.
Traceback (most recent call last):
  File "D:\Persistent System\inference.py", line 52, in resolve_issue
    result = await asyncio.to_thread(
             ^^^^^^^^^^^^^^^^^^^^^^^^
  File "C:\Users\swast\AppData\Local\Programs\Python\Python311\Lib\asyncio\threads.py", line 25, in to_thread
    return await loop.run_in_executor(None, func_call)
           ^^^^^^^^^^^^^^^^^^^^^^^^^^^^^^^^^^^^^^^^^^^
  File "C:\Users\swast\AppData\Local\Programs\Python\Python311\Lib\concurrent\futures\thread.py", line 58, in run
    result = self.fn(*self.args, **self.kwargs)
             ^^^^^^^^^^^^^^^^^^^^^^^^^^^^^^^^^^
  File "D:\Persistent System\venv\Lib\site-packages\langgraph\pregel\main.py", line 3928, in invoke
    for chunk in self.stream(
  File "D:\Persistent System\venv\Lib\site-packages\langgraph\pregel\main.py", line 2982, in stream
    for _ in runner.tick(
  File "D:\Persistent System\venv\Lib\site-packages\langgraph\pregel\_runner.py", line 207, in tick
    run_with_retry(
  File "D:\Persistent System\venv\Lib\site-packages\langgraph\pregel\_retry.py", line 617, in run_with_retry
    return task.proc.invoke(task.input, config)
           ^^^^^^^^^^^^^^^^^^^^^^^^^^^^^^^^^^^^
  File "D:\Persistent System\venv\Lib\site-packages\langgraph\_internal\_runnable.py", line 684, in invoke
    input = context.run(step.invoke, input, config, **kwargs)
            ^^^^^^^^^^^^^^^^^^^^^^^^^^^^^^^^^^^^^^^^^^^^^^^^^
  File "D:\Persistent System\venv\Lib\site-packages\langgraph\_internal\_runnable.py", line 426, in invoke
    ret = self.func(*args, **kwargs)
          ^^^^^^^^^^^^^^^^^^^^^^^^^^
  File "D:\Persistent System\agent\graph.py", line 86, in supervisor_node
    response = llm_with_tools.invoke(
               ^^^^^^^^^^^^^^^^^^^^^^
  File "D:\Persistent System\venv\Lib\site-packages\langchain_core\runnables\base.py", line 6004, in invoke
    return self.bound.invoke(
           ^^^^^^^^^^^^^^^^^^
  File "D:\Persistent System\venv\Lib\site-packages\langchain_core\language_models\chat_models.py", line 476, in invoke
    self.generate_prompt(
  File "D:\Persistent System\venv\Lib\site-packages\langchain_core\language_models\chat_models.py", line 1849, in generate_prompt
    return self.generate(prompt_messages, stop=stop, callbacks=callbacks, **kwargs)
           ^^^^^^^^^^^^^^^^^^^^^^^^^^^^^^^^^^^^^^^^^^^^^^^^^^^^^^^^^^^^^^^^^^^^^^^^
  File "D:\Persistent System\venv\Lib\site-packages\langchain_core\language_models\chat_models.py", line 1656, in generate
    self._generate_with_cache(
  File "D:\Persistent System\venv\Lib\site-packages\langchain_core\language_models\chat_models.py", line 1994, in _generate_with_cache
    result = self._generate(
             ^^^^^^^^^^^^^^^
  File "D:\Persistent System\venv\Lib\site-packages\langchain_groq\chat_models.py", line 627, in _generate
    response = self.client.create(messages=message_dicts, **params)
               ^^^^^^^^^^^^^^^^^^^^^^^^^^^^^^^^^^^^^^^^^^^^^^^^^^^^
  File "D:\Persistent System\venv\Lib\site-packages\groq\resources\chat\completions.py", line 461, in create
    return self._post(
           ^^^^^^^^^^^
  File "D:\Persistent System\venv\Lib\site-packages\groq\_base_client.py", line 1242, in post
    return cast(ResponseT, self.request(cast_to, opts, stream=stream, stream_cls=stream_cls))
                           ^^^^^^^^^^^^^^^^^^^^^^^^^^^^^^^^^^^^^^^^^^^^^^^^^^^^^^^^^^^^^^^^^
  File "D:\Persistent System\venv\Lib\site-packages\groq\_base_client.py", line 1044, in request
    raise self._make_status_error_from_response(err.response) from None
groq.RateLimitError: Error code: 429 - {'error': {'message': 'Rate limit reached for model `llama-3.3-70b-versatile` in organization `org_01ktkp89fkermb3z74hnp2tymf` service tier `on_demand` on tokens per day (TPD): Limit 100000, Used 99965, Requested 713. Please try again in 9m45.791999999s. Need more tokens? Upgrade to Dev Tier today at https://console.groq.com/settings/billing', 'type': 'tokens', 'code': 'rate_limit_exceeded'}}
During task with name 'supervisor' and id '9c6f41b6-aa43-9938-816d-3a53826b5b58'
2026-07-08 15:24:36,841 | ERROR | Failed to generate resolution for ticket : INC5070038
Traceback (most recent call last):
  File "D:\Persistent System\ticket_api.py", line 286, in generate_resolution
    result = await resolve_issue(ticket["issue_description"])
             ^^^^^^^^^^^^^^^^^^^^^^^^^^^^^^^^^^^^^^^^^^^^^^^^
  File "D:\Persistent System\inference.py", line 52, in resolve_issue
    result = await asyncio.to_thread(
             ^^^^^^^^^^^^^^^^^^^^^^^^
  File "C:\Users\swast\AppData\Local\Programs\Python\Python311\Lib\asyncio\threads.py", line 25, in to_thread
    return await loop.run_in_executor(None, func_call)
           ^^^^^^^^^^^^^^^^^^^^^^^^^^^^^^^^^^^^^^^^^^^
  File "C:\Users\swast\AppData\Local\Programs\Python\Python311\Lib\concurrent\futures\thread.py", line 58, in run
    result = self.fn(*self.args, **self.kwargs)
             ^^^^^^^^^^^^^^^^^^^^^^^^^^^^^^^^^^
  File "D:\Persistent System\venv\Lib\site-packages\langgraph\pregel\main.py", line 3928, in invoke
    for chunk in self.stream(
  File "D:\Persistent System\venv\Lib\site-packages\langgraph\pregel\main.py", line 2982, in stream
    for _ in runner.tick(
  File "D:\Persistent System\venv\Lib\site-packages\langgraph\pregel\_runner.py", line 207, in tick
    run_with_retry(
  File "D:\Persistent System\venv\Lib\site-packages\langgraph\pregel\_retry.py", line 617, in run_with_retry
    return task.proc.invoke(task.input, config)
           ^^^^^^^^^^^^^^^^^^^^^^^^^^^^^^^^^^^^
  File "D:\Persistent System\venv\Lib\site-packages\langgraph\_internal\_runnable.py", line 684, in invoke
    input = context.run(step.invoke, input, config, **kwargs)
            ^^^^^^^^^^^^^^^^^^^^^^^^^^^^^^^^^^^^^^^^^^^^^^^^^
  File "D:\Persistent System\venv\Lib\site-packages\langgraph\_internal\_runnable.py", line 426, in invoke
    ret = self.func(*args, **kwargs)
          ^^^^^^^^^^^^^^^^^^^^^^^^^^
  File "D:\Persistent System\agent\graph.py", line 86, in supervisor_node
    response = llm_with_tools.invoke(
               ^^^^^^^^^^^^^^^^^^^^^^
  File "D:\Persistent System\venv\Lib\site-packages\langchain_core\runnables\base.py", line 6004, in invoke
    return self.bound.invoke(
           ^^^^^^^^^^^^^^^^^^
  File "D:\Persistent System\venv\Lib\site-packages\langchain_core\language_models\chat_models.py", line 476, in invoke
    self.generate_prompt(
  File "D:\Persistent System\venv\Lib\site-packages\langchain_core\language_models\chat_models.py", line 1849, in generate_prompt
    return self.generate(prompt_messages, stop=stop, callbacks=callbacks, **kwargs)
           ^^^^^^^^^^^^^^^^^^^^^^^^^^^^^^^^^^^^^^^^^^^^^^^^^^^^^^^^^^^^^^^^^^^^^^^^
  File "D:\Persistent System\venv\Lib\site-packages\langchain_core\language_models\chat_models.py", line 1656, in generate
    self._generate_with_cache(
  File "D:\Persistent System\venv\Lib\site-packages\langchain_core\language_models\chat_models.py", line 1994, in _generate_with_cache
    result = self._generate(
             ^^^^^^^^^^^^^^^
  File "D:\Persistent System\venv\Lib\site-packages\langchain_groq\chat_models.py", line 627, in _generate
    response = self.client.create(messages=message_dicts, **params)
               ^^^^^^^^^^^^^^^^^^^^^^^^^^^^^^^^^^^^^^^^^^^^^^^^^^^^
  File "D:\Persistent System\venv\Lib\site-packages\groq\resources\chat\completions.py", line 461, in create
    return self._post(
           ^^^^^^^^^^^
  File "D:\Persistent System\venv\Lib\site-packages\groq\_base_client.py", line 1242, in post
    return cast(ResponseT, self.request(cast_to, opts, stream=stream, stream_cls=stream_cls))
                           ^^^^^^^^^^^^^^^^^^^^^^^^^^^^^^^^^^^^^^^^^^^^^^^^^^^^^^^^^^^^^^^^^
  File "D:\Persistent System\venv\Lib\site-packages\groq\_base_client.py", line 1044, in request
    raise self._make_status_error_from_response(err.response) from None
groq.RateLimitError: Error code: 429 - {'error': {'message': 'Rate limit reached for model `llama-3.3-70b-versatile` in organization `org_01ktkp89fkermb3z74hnp2tymf` service tier `on_demand` on tokens per day (TPD): Limit 100000, Used 99965, Requested 713. Please try again in 9m45.791999999s. Need more tokens? Upgrade to Dev Tier today at https://console.groq.com/settings/billing', 'type': 'tokens', 'code': 'rate_limit_exceeded'}}
During task with name 'supervisor' and id '9c6f41b6-aa43-9938-816d-3a53826b5b58'
2026-07-08 15:24:36,845 | ERROR | POST request failed : /ticket/INC5070038/generate-resolution
Traceback (most recent call last):
  File "D:\Persistent System\advocate_dashboard.py", line 71, in api_post
    response.raise_for_status()
  File "C:\Users\swast\AppData\Local\Programs\Python\Python311\Lib\site-packages\requests\models.py", line 1026, in raise_for_status
    raise HTTPError(http_error_msg, response=self)
requests.exceptions.HTTPError: 500 Server Error: Internal Server Error for url: http://127.0.0.1:8001/ticket/INC5070038/generate-resolution
2026-07-08 15:24:36,845 | ERROR | Resolution generation failed : INC5070038
Traceback (most recent call last):
  File "D:\Persistent System\advocate_dashboard.py", line 620, in render_ticket
    result = api_post(
             ^^^^^^^^^
  File "D:\Persistent System\advocate_dashboard.py", line 71, in api_post
    response.raise_for_status()
  File "C:\Users\swast\AppData\Local\Programs\Python\Python311\Lib\site-packages\requests\models.py", line 1026, in raise_for_status
    raise HTTPError(http_error_msg, response=self)
requests.exceptions.HTTPError: 500 Server Error: Internal Server Error for url: http://127.0.0.1:8001/ticket/INC5070038/generate-resolution
2026-07-12 23:51:05,397 | ERROR | Autonomous issue resolution failed.
Traceback (most recent call last):
  File "D:\Persistent System\inference.py", line 662, in resolve_issue
    state = resolution_agent.invoke(
            ^^^^^^^^^^^^^^^^^^^^^^^^
  File "D:\Persistent System\venv\Lib\site-packages\langgraph\pregel\main.py", line 3928, in invoke
    for chunk in self.stream(
  File "D:\Persistent System\venv\Lib\site-packages\langgraph\pregel\main.py", line 2982, in stream
    for _ in runner.tick(
  File "D:\Persistent System\venv\Lib\site-packages\langgraph\pregel\_runner.py", line 207, in tick
    run_with_retry(
  File "D:\Persistent System\venv\Lib\site-packages\langgraph\pregel\_retry.py", line 617, in run_with_retry
    return task.proc.invoke(task.input, config)
           ^^^^^^^^^^^^^^^^^^^^^^^^^^^^^^^^^^^^
  File "D:\Persistent System\venv\Lib\site-packages\langgraph\_internal\_runnable.py", line 684, in invoke
    input = context.run(step.invoke, input, config, **kwargs)
            ^^^^^^^^^^^^^^^^^^^^^^^^^^^^^^^^^^^^^^^^^^^^^^^^^
  File "D:\Persistent System\venv\Lib\site-packages\langgraph\_internal\_runnable.py", line 426, in invoke
    ret = self.func(*args, **kwargs)
          ^^^^^^^^^^^^^^^^^^^^^^^^^^
  File "D:\Persistent System\venv\Lib\site-packages\langchain\agents\factory.py", line 1447, in model_node
    model_response = _execute_model_sync(request)
                     ^^^^^^^^^^^^^^^^^^^^^^^^^^^^
  File "D:\Persistent System\venv\Lib\site-packages\langchain\agents\factory.py", line 1419, in _execute_model_sync
    output = model_.invoke(messages)
             ^^^^^^^^^^^^^^^^^^^^^^^
  File "D:\Persistent System\venv\Lib\site-packages\langchain_core\runnables\base.py", line 6002, in invoke
    return self.bound.invoke(
           ^^^^^^^^^^^^^^^^^^
  File "D:\Persistent System\venv\Lib\site-packages\langchain_core\language_models\chat_models.py", line 476, in invoke
    self.generate_prompt(
  File "D:\Persistent System\venv\Lib\site-packages\langchain_core\language_models\chat_models.py", line 1849, in generate_prompt
    return self.generate(prompt_messages, stop=stop, callbacks=callbacks, **kwargs)
           ^^^^^^^^^^^^^^^^^^^^^^^^^^^^^^^^^^^^^^^^^^^^^^^^^^^^^^^^^^^^^^^^^^^^^^^^
  File "D:\Persistent System\venv\Lib\site-packages\langchain_core\language_models\chat_models.py", line 1656, in generate
    self._generate_with_cache(
  File "D:\Persistent System\venv\Lib\site-packages\langchain_core\language_models\chat_models.py", line 1994, in _generate_with_cache
    result = self._generate(
             ^^^^^^^^^^^^^^^
  File "D:\Persistent System\venv\Lib\site-packages\langchain_groq\chat_models.py", line 627, in _generate
    response = self.client.create(messages=message_dicts, **params)
               ^^^^^^^^^^^^^^^^^^^^^^^^^^^^^^^^^^^^^^^^^^^^^^^^^^^^
  File "D:\Persistent System\venv\Lib\site-packages\groq\resources\chat\completions.py", line 461, in create
    return self._post(
           ^^^^^^^^^^^
  File "D:\Persistent System\venv\Lib\site-packages\groq\_base_client.py", line 1242, in post
    return cast(ResponseT, self.request(cast_to, opts, stream=stream, stream_cls=stream_cls))
                           ^^^^^^^^^^^^^^^^^^^^^^^^^^^^^^^^^^^^^^^^^^^^^^^^^^^^^^^^^^^^^^^^^
  File "D:\Persistent System\venv\Lib\site-packages\groq\_base_client.py", line 1044, in request
    raise self._make_status_error_from_response(err.response) from None
groq.BadRequestError: Error code: 400 - {'error': {'message': 'tool call validation failed: parameters for tool validate_advocate_resolution did not match schema: errors: [`/advocate_steps`: expected array, but got string]', 'type': 'invalid_request_error', 'code': 'tool_use_failed', 'failed_generation': '<function=validate_advocate_resolution>{"member_issue": "Customer asks whether colonoscopy at Harmony Family Clinic is covered under the Family Advantage plan. They are confused by benefit wording related to pre-service estimate and want to avoid a denied claim or unexpected bill.", "retrieved_chunks": "{\\"status\\": \\"context_found\\", \\"search_string\\": \\"colonoscopy coverage under Family Advantage plan at Harmony Family Clinic\\", \\"context_sufficient\\": true, \\"best_distance\\": 0.3958, \\"retrieved_chunks\\": [{\\"ticket_id\\": \\"INC5375063\\", \\"similarity_distance\\": 0.3958, \\"document\\": \\"\\\\n    Issue Title:\\\\n    Coverage question for colonoscopy under Family Advantage\\\\n\\\\n    Issue Description:\\\\n    Customer asks whether colonoscopy at Harmony Family Clinic is covered under the Family Advantage plan. They are confused by benefit wording related to pre-service estimate and want to avoid a denied claim or unexpected bill.\\\\n\\\\n    Resolution Steps:\\\\n    1. Verified active eligibility, plan type, service date, provider status, and benefit category for colonoscopy. 2. Checked the summary plan description, medical policy, referral rules, visit limits, and prior authorization requirements related to pre-service estimate. 3. Confirmed whether the service is generally covered when medically necessary and documented any exclusions, limits, or required approvals. 4. Contacted Harmony Family Clinic when needed to validate coding, place of service, and expected billing entity. 5. Sent the customer a concise coverage explanation, including what documents to ask the provider for before the visit and what may still affect final claim payment. 6. For open cases, reuse this benefit-verification checklist and document the exact plan rule relied upon.\\\\n    \\"}], \\"message\\": \\"Retrieved 1 ticket(s) within the configured similarity threshold.\\"}", "advocate_steps": "[\\"Verify active eligibility, plan type, service date, provider status, and benefit category for colonoscopy\\", \\"Check the summary plan description, medical policy, referral rules, visit limits, and prior authorization requirements related to pre-service estimate\\", \\"Confirm whether the service is generally covered when medically necessary and document any exclusions, limits, or required approvals\\", \\"Contact Harmony Family Clinic when needed to validate coding, place of service, and expected billing entity\\", \\"Send the customer a concise coverage explanation, including what documents to ask the provider for before the visit and what may still affect final claim payment\\"]"}</function>'}}
During task with name 'model' and id 'af7ee29f-a766-4a84-8d6b-6e2dcbcd56a9'
2026-07-12 23:51:22,735 | ERROR | Autonomous issue resolution failed.
Traceback (most recent call last):
  File "D:\Persistent System\inference.py", line 662, in resolve_issue
    state = resolution_agent.invoke(
            ^^^^^^^^^^^^^^^^^^^^^^^^
  File "D:\Persistent System\venv\Lib\site-packages\langgraph\pregel\main.py", line 3928, in invoke
    for chunk in self.stream(
  File "D:\Persistent System\venv\Lib\site-packages\langgraph\pregel\main.py", line 2982, in stream
    for _ in runner.tick(
  File "D:\Persistent System\venv\Lib\site-packages\langgraph\pregel\_runner.py", line 207, in tick
    run_with_retry(
  File "D:\Persistent System\venv\Lib\site-packages\langgraph\pregel\_retry.py", line 617, in run_with_retry
    return task.proc.invoke(task.input, config)
           ^^^^^^^^^^^^^^^^^^^^^^^^^^^^^^^^^^^^
  File "D:\Persistent System\venv\Lib\site-packages\langgraph\_internal\_runnable.py", line 684, in invoke
    input = context.run(step.invoke, input, config, **kwargs)
            ^^^^^^^^^^^^^^^^^^^^^^^^^^^^^^^^^^^^^^^^^^^^^^^^^
  File "D:\Persistent System\venv\Lib\site-packages\langgraph\_internal\_runnable.py", line 426, in invoke
    ret = self.func(*args, **kwargs)
          ^^^^^^^^^^^^^^^^^^^^^^^^^^
  File "D:\Persistent System\venv\Lib\site-packages\langchain\agents\factory.py", line 1447, in model_node
    model_response = _execute_model_sync(request)
                     ^^^^^^^^^^^^^^^^^^^^^^^^^^^^
  File "D:\Persistent System\venv\Lib\site-packages\langchain\agents\factory.py", line 1419, in _execute_model_sync
    output = model_.invoke(messages)
             ^^^^^^^^^^^^^^^^^^^^^^^
  File "D:\Persistent System\venv\Lib\site-packages\langchain_core\runnables\base.py", line 6002, in invoke
    return self.bound.invoke(
           ^^^^^^^^^^^^^^^^^^
  File "D:\Persistent System\venv\Lib\site-packages\langchain_core\language_models\chat_models.py", line 476, in invoke
    self.generate_prompt(
  File "D:\Persistent System\venv\Lib\site-packages\langchain_core\language_models\chat_models.py", line 1849, in generate_prompt
    return self.generate(prompt_messages, stop=stop, callbacks=callbacks, **kwargs)
           ^^^^^^^^^^^^^^^^^^^^^^^^^^^^^^^^^^^^^^^^^^^^^^^^^^^^^^^^^^^^^^^^^^^^^^^^
  File "D:\Persistent System\venv\Lib\site-packages\langchain_core\language_models\chat_models.py", line 1656, in generate
    self._generate_with_cache(
  File "D:\Persistent System\venv\Lib\site-packages\langchain_core\language_models\chat_models.py", line 1994, in _generate_with_cache
    result = self._generate(
             ^^^^^^^^^^^^^^^
  File "D:\Persistent System\venv\Lib\site-packages\langchain_groq\chat_models.py", line 627, in _generate
    response = self.client.create(messages=message_dicts, **params)
               ^^^^^^^^^^^^^^^^^^^^^^^^^^^^^^^^^^^^^^^^^^^^^^^^^^^^
  File "D:\Persistent System\venv\Lib\site-packages\groq\resources\chat\completions.py", line 461, in create
    return self._post(
           ^^^^^^^^^^^
  File "D:\Persistent System\venv\Lib\site-packages\groq\_base_client.py", line 1242, in post
    return cast(ResponseT, self.request(cast_to, opts, stream=stream, stream_cls=stream_cls))
                           ^^^^^^^^^^^^^^^^^^^^^^^^^^^^^^^^^^^^^^^^^^^^^^^^^^^^^^^^^^^^^^^^^
  File "D:\Persistent System\venv\Lib\site-packages\groq\_base_client.py", line 1044, in request
    raise self._make_status_error_from_response(err.response) from None
groq.BadRequestError: Error code: 400 - {'error': {'message': 'tool call validation failed: parameters for tool validate_advocate_resolution did not match schema: errors: [`/advocate_steps`: expected array, but got string]', 'type': 'invalid_request_error', 'code': 'tool_use_failed', 'failed_generation': '<function=validate_advocate_resolution>{"member_issue": "Customer asks whether colonoscopy at Harmony Family Clinic is covered under the Family Advantage plan. They are confused by benefit wording related to pre-service estimate and want to avoid a denied claim or unexpected bill.", "retrieved_chunks": "{\\"status\\": \\"context_found\\", \\"search_string\\": \\"colonoscopy coverage under Family Advantage plan at Harmony Family Clinic\\", \\"context_sufficient\\": true, \\"best_distance\\": 0.3958, \\"retrieved_chunks\\": [{\\"ticket_id\\": \\"INC5375063\\", \\"similarity_distance\\": 0.3958, \\"document\\": \\"\\\\n    Issue Title:\\\\n    Coverage question for colonoscopy under Family Advantage\\\\n\\\\n    Issue Description:\\\\n    Customer asks whether colonoscopy at Harmony Family Clinic is covered under the Family Advantage plan. They are confused by benefit wording related to pre-service estimate and want to avoid a denied claim or unexpected bill.\\\\n\\\\n    Resolution Steps:\\\\n    1. Verified active eligibility, plan type, service date, provider status, and benefit category for colonoscopy. 2. Checked the summary plan description, medical policy, referral rules, visit limits, and prior authorization requirements related to pre-service estimate. 3. Confirmed whether the service is generally covered when medically necessary and documented any exclusions, limits, or required approvals. 4. Contacted Harmony Family Clinic when needed to validate coding, place of service, and expected billing entity. 5. Sent the customer a concise coverage explanation, including what documents to ask the provider for before the visit and what may still affect final claim payment. 6. For open cases, reuse this benefit-verification checklist and document the exact plan rule relied upon.\\\\n    \\"}], \\"message\\": \\"Retrieved 1 ticket(s) within the configured similarity threshold.\\"}", "advocate_steps": "[\\"Verify active eligibility, plan type, service date, provider status, and benefit category for colonoscopy\\", \\"Check the summary plan description, medical policy, referral rules, visit limits, and prior authorization requirements related to pre-service estimate\\", \\"Confirm whether the service is generally covered when medically necessary and document any exclusions, limits, or required approvals\\", \\"Contact Harmony Family Clinic when needed to validate coding, place of service, and expected billing entity\\", \\"Send the customer a concise coverage explanation, including what documents to ask the provider for before the visit and what may still affect final claim payment\\"]"}</function>'}}
During task with name 'model' and id 'd6ea7109-b5bc-697c-3edf-df4ec5dff414'
2026-07-13 01:09:00,425 | ERROR | Autonomous issue resolution failed.
Traceback (most recent call last):
  File "D:\Persistent System\inference.py", line 789, in resolve_issue
    state = resolution_agent.invoke(
            ^^^^^^^^^^^^^^^^^^^^^^^^
  File "D:\Persistent System\venv\Lib\site-packages\langgraph\pregel\main.py", line 3928, in invoke
    for chunk in self.stream(
  File "D:\Persistent System\venv\Lib\site-packages\langgraph\pregel\main.py", line 2982, in stream
    for _ in runner.tick(
  File "D:\Persistent System\venv\Lib\site-packages\langgraph\pregel\_runner.py", line 207, in tick
    run_with_retry(
  File "D:\Persistent System\venv\Lib\site-packages\langgraph\pregel\_retry.py", line 617, in run_with_retry
    return task.proc.invoke(task.input, config)
           ^^^^^^^^^^^^^^^^^^^^^^^^^^^^^^^^^^^^
  File "D:\Persistent System\venv\Lib\site-packages\langgraph\_internal\_runnable.py", line 684, in invoke
    input = context.run(step.invoke, input, config, **kwargs)
            ^^^^^^^^^^^^^^^^^^^^^^^^^^^^^^^^^^^^^^^^^^^^^^^^^
  File "D:\Persistent System\venv\Lib\site-packages\langgraph\_internal\_runnable.py", line 426, in invoke
    ret = self.func(*args, **kwargs)
          ^^^^^^^^^^^^^^^^^^^^^^^^^^
  File "D:\Persistent System\venv\Lib\site-packages\langchain\agents\factory.py", line 1447, in model_node
    model_response = _execute_model_sync(request)
                     ^^^^^^^^^^^^^^^^^^^^^^^^^^^^
  File "D:\Persistent System\venv\Lib\site-packages\langchain\agents\factory.py", line 1419, in _execute_model_sync
    output = model_.invoke(messages)
             ^^^^^^^^^^^^^^^^^^^^^^^
  File "D:\Persistent System\venv\Lib\site-packages\langchain_core\runnables\base.py", line 6002, in invoke
    return self.bound.invoke(
           ^^^^^^^^^^^^^^^^^^
  File "D:\Persistent System\venv\Lib\site-packages\langchain_core\language_models\chat_models.py", line 476, in invoke
    self.generate_prompt(
  File "D:\Persistent System\venv\Lib\site-packages\langchain_core\language_models\chat_models.py", line 1849, in generate_prompt
    return self.generate(prompt_messages, stop=stop, callbacks=callbacks, **kwargs)
           ^^^^^^^^^^^^^^^^^^^^^^^^^^^^^^^^^^^^^^^^^^^^^^^^^^^^^^^^^^^^^^^^^^^^^^^^
  File "D:\Persistent System\venv\Lib\site-packages\langchain_core\language_models\chat_models.py", line 1656, in generate
    self._generate_with_cache(
  File "D:\Persistent System\venv\Lib\site-packages\langchain_core\language_models\chat_models.py", line 1994, in _generate_with_cache
    result = self._generate(
             ^^^^^^^^^^^^^^^
  File "D:\Persistent System\venv\Lib\site-packages\langchain_groq\chat_models.py", line 627, in _generate
    response = self.client.create(messages=message_dicts, **params)
               ^^^^^^^^^^^^^^^^^^^^^^^^^^^^^^^^^^^^^^^^^^^^^^^^^^^^
  File "D:\Persistent System\venv\Lib\site-packages\groq\resources\chat\completions.py", line 461, in create
    return self._post(
           ^^^^^^^^^^^
  File "D:\Persistent System\venv\Lib\site-packages\groq\_base_client.py", line 1242, in post
    return cast(ResponseT, self.request(cast_to, opts, stream=stream, stream_cls=stream_cls))
                           ^^^^^^^^^^^^^^^^^^^^^^^^^^^^^^^^^^^^^^^^^^^^^^^^^^^^^^^^^^^^^^^^^
  File "D:\Persistent System\venv\Lib\site-packages\groq\_base_client.py", line 1044, in request
    raise self._make_status_error_from_response(err.response) from None
groq.BadRequestError: Error code: 400 - {'error': {'message': "tool call validation failed: parameters for tool AgentResolutionResponse did not match schema: errors: [missing properties: 'validation_feedback', 'reasoning']", 'type': 'invalid_request_error', 'code': 'tool_use_failed', 'failed_generation': '<function=AgentResolutionResponse>{"status": "human_handoff_required", "resolution_available": false, "confidence": 0.0, "resolution_steps": ["Sufficient context not provided. Route this ticket to a human advocate and consult the relevant SOP."], "reference_tickets": [], "human_handoff": true, "handoff_reason": "Insufficient context to address the member\'s eligibility concern and claim denial."}</function>'}}
During task with name 'model' and id 'b83000ae-0669-4131-409d-8feab79eaed9'
2026-07-13 01:09:25,358 | ERROR | Autonomous issue resolution failed.
Traceback (most recent call last):
  File "D:\Persistent System\inference.py", line 789, in resolve_issue
    state = resolution_agent.invoke(
            ^^^^^^^^^^^^^^^^^^^^^^^^
  File "D:\Persistent System\venv\Lib\site-packages\langgraph\pregel\main.py", line 3928, in invoke
    for chunk in self.stream(
  File "D:\Persistent System\venv\Lib\site-packages\langgraph\pregel\main.py", line 2982, in stream
    for _ in runner.tick(
  File "D:\Persistent System\venv\Lib\site-packages\langgraph\pregel\_runner.py", line 207, in tick
    run_with_retry(
  File "D:\Persistent System\venv\Lib\site-packages\langgraph\pregel\_retry.py", line 617, in run_with_retry
    return task.proc.invoke(task.input, config)
           ^^^^^^^^^^^^^^^^^^^^^^^^^^^^^^^^^^^^
  File "D:\Persistent System\venv\Lib\site-packages\langgraph\_internal\_runnable.py", line 684, in invoke
    input = context.run(step.invoke, input, config, **kwargs)
            ^^^^^^^^^^^^^^^^^^^^^^^^^^^^^^^^^^^^^^^^^^^^^^^^^
  File "D:\Persistent System\venv\Lib\site-packages\langgraph\_internal\_runnable.py", line 426, in invoke
    ret = self.func(*args, **kwargs)
          ^^^^^^^^^^^^^^^^^^^^^^^^^^
  File "D:\Persistent System\venv\Lib\site-packages\langchain\agents\factory.py", line 1447, in model_node
    model_response = _execute_model_sync(request)
                     ^^^^^^^^^^^^^^^^^^^^^^^^^^^^
  File "D:\Persistent System\venv\Lib\site-packages\langchain\agents\factory.py", line 1419, in _execute_model_sync
    output = model_.invoke(messages)
             ^^^^^^^^^^^^^^^^^^^^^^^
  File "D:\Persistent System\venv\Lib\site-packages\langchain_core\runnables\base.py", line 6002, in invoke
    return self.bound.invoke(
           ^^^^^^^^^^^^^^^^^^
  File "D:\Persistent System\venv\Lib\site-packages\langchain_core\language_models\chat_models.py", line 476, in invoke
    self.generate_prompt(
  File "D:\Persistent System\venv\Lib\site-packages\langchain_core\language_models\chat_models.py", line 1849, in generate_prompt
    return self.generate(prompt_messages, stop=stop, callbacks=callbacks, **kwargs)
           ^^^^^^^^^^^^^^^^^^^^^^^^^^^^^^^^^^^^^^^^^^^^^^^^^^^^^^^^^^^^^^^^^^^^^^^^
  File "D:\Persistent System\venv\Lib\site-packages\langchain_core\language_models\chat_models.py", line 1656, in generate
    self._generate_with_cache(
  File "D:\Persistent System\venv\Lib\site-packages\langchain_core\language_models\chat_models.py", line 1994, in _generate_with_cache
    result = self._generate(
             ^^^^^^^^^^^^^^^
  File "D:\Persistent System\venv\Lib\site-packages\langchain_groq\chat_models.py", line 627, in _generate
    response = self.client.create(messages=message_dicts, **params)
               ^^^^^^^^^^^^^^^^^^^^^^^^^^^^^^^^^^^^^^^^^^^^^^^^^^^^
  File "D:\Persistent System\venv\Lib\site-packages\groq\resources\chat\completions.py", line 461, in create
    return self._post(
           ^^^^^^^^^^^
  File "D:\Persistent System\venv\Lib\site-packages\groq\_base_client.py", line 1242, in post
    return cast(ResponseT, self.request(cast_to, opts, stream=stream, stream_cls=stream_cls))
                           ^^^^^^^^^^^^^^^^^^^^^^^^^^^^^^^^^^^^^^^^^^^^^^^^^^^^^^^^^^^^^^^^^
  File "D:\Persistent System\venv\Lib\site-packages\groq\_base_client.py", line 1044, in request
    raise self._make_status_error_from_response(err.response) from None
groq.BadRequestError: Error code: 400 - {'error': {'message': "tool call validation failed: parameters for tool AgentResolutionResponse did not match schema: errors: [missing properties: 'validation_feedback', 'reasoning']", 'type': 'invalid_request_error', 'code': 'tool_use_failed', 'failed_generation': '<function=AgentResolutionResponse>{"status": "human_handoff_required", "resolution_available": false, "confidence": 0.0, "resolution_steps": ["Sufficient context not provided. Route this ticket to a human advocate and consult the relevant SOP."], "reference_tickets": [], "human_handoff": true, "handoff_reason": "Insufficient context to address the member\'s eligibility concern and claim denial."}</function>'}}
During task with name 'model' and id '5986b23f-22d5-4605-39d6-6bcca5101085'
2026-07-13 01:10:52,300 | ERROR | Autonomous issue resolution failed.
Traceback (most recent call last):
  File "D:\Persistent System\inference.py", line 789, in resolve_issue
    state = resolution_agent.invoke(
            ^^^^^^^^^^^^^^^^^^^^^^^^
  File "D:\Persistent System\venv\Lib\site-packages\langgraph\pregel\main.py", line 3928, in invoke
    for chunk in self.stream(
  File "D:\Persistent System\venv\Lib\site-packages\langgraph\pregel\main.py", line 2982, in stream
    for _ in runner.tick(
  File "D:\Persistent System\venv\Lib\site-packages\langgraph\pregel\_runner.py", line 207, in tick
    run_with_retry(
  File "D:\Persistent System\venv\Lib\site-packages\langgraph\pregel\_retry.py", line 617, in run_with_retry
    return task.proc.invoke(task.input, config)
           ^^^^^^^^^^^^^^^^^^^^^^^^^^^^^^^^^^^^
  File "D:\Persistent System\venv\Lib\site-packages\langgraph\_internal\_runnable.py", line 684, in invoke
    input = context.run(step.invoke, input, config, **kwargs)
            ^^^^^^^^^^^^^^^^^^^^^^^^^^^^^^^^^^^^^^^^^^^^^^^^^
  File "D:\Persistent System\venv\Lib\site-packages\langgraph\_internal\_runnable.py", line 426, in invoke
    ret = self.func(*args, **kwargs)
          ^^^^^^^^^^^^^^^^^^^^^^^^^^
  File "D:\Persistent System\venv\Lib\site-packages\langchain\agents\factory.py", line 1447, in model_node
    model_response = _execute_model_sync(request)
                     ^^^^^^^^^^^^^^^^^^^^^^^^^^^^
  File "D:\Persistent System\venv\Lib\site-packages\langchain\agents\factory.py", line 1419, in _execute_model_sync
    output = model_.invoke(messages)
             ^^^^^^^^^^^^^^^^^^^^^^^
  File "D:\Persistent System\venv\Lib\site-packages\langchain_core\runnables\base.py", line 6002, in invoke
    return self.bound.invoke(
           ^^^^^^^^^^^^^^^^^^
  File "D:\Persistent System\venv\Lib\site-packages\langchain_core\language_models\chat_models.py", line 476, in invoke
    self.generate_prompt(
  File "D:\Persistent System\venv\Lib\site-packages\langchain_core\language_models\chat_models.py", line 1849, in generate_prompt
    return self.generate(prompt_messages, stop=stop, callbacks=callbacks, **kwargs)
           ^^^^^^^^^^^^^^^^^^^^^^^^^^^^^^^^^^^^^^^^^^^^^^^^^^^^^^^^^^^^^^^^^^^^^^^^
  File "D:\Persistent System\venv\Lib\site-packages\langchain_core\language_models\chat_models.py", line 1656, in generate
    self._generate_with_cache(
  File "D:\Persistent System\venv\Lib\site-packages\langchain_core\language_models\chat_models.py", line 1994, in _generate_with_cache
    result = self._generate(
             ^^^^^^^^^^^^^^^
  File "D:\Persistent System\venv\Lib\site-packages\langchain_groq\chat_models.py", line 627, in _generate
    response = self.client.create(messages=message_dicts, **params)
               ^^^^^^^^^^^^^^^^^^^^^^^^^^^^^^^^^^^^^^^^^^^^^^^^^^^^
  File "D:\Persistent System\venv\Lib\site-packages\groq\resources\chat\completions.py", line 461, in create
    return self._post(
           ^^^^^^^^^^^
  File "D:\Persistent System\venv\Lib\site-packages\groq\_base_client.py", line 1242, in post
    return cast(ResponseT, self.request(cast_to, opts, stream=stream, stream_cls=stream_cls))
                           ^^^^^^^^^^^^^^^^^^^^^^^^^^^^^^^^^^^^^^^^^^^^^^^^^^^^^^^^^^^^^^^^^
  File "D:\Persistent System\venv\Lib\site-packages\groq\_base_client.py", line 1044, in request
    raise self._make_status_error_from_response(err.response) from None
groq.BadRequestError: Error code: 400 - {'error': {'message': "tool call validation failed: parameters for tool AgentResolutionResponse did not match schema: errors: [missing properties: 'validation_feedback', 'reasoning']", 'type': 'invalid_request_error', 'code': 'tool_use_failed', 'failed_generation': '<function=AgentResolutionResponse>{"status": "human_handoff_required", "resolution_available": false, "confidence": 0.0, "resolution_steps": ["Sufficient context not provided. Route this ticket to a human advocate and consult the relevant SOP."], "reference_tickets": [], "human_handoff": true, "handoff_reason": "Insufficient context to resolve the member issue."}</function>'}}
During task with name 'model' and id '92df0930-a1c5-4d6b-1ed0-7e1fb2a7cc6c'
